DEPTH = 8192;
WIDTH = 32;
ADDRESS_RADIX = HEX;
DATA_RADIX = HEX;
CONTENT
BEGIN
00000000 : 00000513;
00000001 : f1402573;
00000002 : 00050463;
00000003 : 0000006f;
00000004 : 400007b7;
00000005 : 00078503;
00000006 : 04050663;
00000007 : 07500513;
00000008 : 0c8000ef;
00000009 : 007d05b7;
0000000a : 00002617;
0000000b : dc062603;
0000000c : 00500693;
0000000d : 00058513;
0000000e : 0d8000ef;
0000000f : 00054863;
00000010 : 00a60023;
00000011 : 00160613;
00000012 : fedff06f;
00000013 : 02e00513;
00000014 : 098000ef;
00000015 : fff68693;
00000016 : fcd04ee3;
00000017 : 06200513;
00000018 : 088000ef;
00000019 : 00a00513;
0000001a : 080000ef;
0000001b : 00000617;
0000001c : 0c860613;
0000001d : 00000597;
0000001e : 12758593;
0000001f : 00064683;
00000020 : 0066d513;
00000021 : 00b50533;
00000022 : 00054503;
00000023 : 03f6f693;
00000024 : 00160613;
00000025 : 054000ef;
00000026 : fff68693;
00000027 : fed04ce3;
00000028 : 00064683;
00000029 : fc069ee3;
0000002a : 00000617;
0000002b : 0f760613;
0000002c : 00064503;
0000002d : 00050863;
0000002e : 030000ef;
0000002f : 00160613;
00000030 : ff1ff06f;
00000031 : 00002117;
00000032 : d2812103;
00000033 : 00002197;
00000034 : d181a183;
00000035 : 00a54533;
00000036 : 00b5c5b3;
00000037 : 00c64633;
00000038 : 120000ef;
00000039 : f1dff06f;
0000003a : 00478283;
0000003b : fff2c293;
0000003c : 0012f293;
0000003d : fe028ae3;
0000003e : 00a782a3;
0000003f : 00a00293;
00000040 : 00551663;
00000041 : 00d00513;
00000042 : fe1ff06f;
00000043 : 00008067;
00000044 : 00050e63;
00000045 : fff50513;
00000046 : 00478283;
00000047 : 0022f293;
00000048 : fe0288e3;
00000049 : 0057c503;
0000004a : 00008067;
0000004b : fff00513;
0000004c : 00008067;
0000004d : 12c1a00e;
0000004e : 074dc19c;
0000004f : 0650c19a;
00000050 : 0452c198;
00000051 : 0452c198;
00000052 : 0452c198;
00000053 : 0650c198;
00000054 : 4dc10296;
00000055 : c1049607;
00000056 : 06961042;
00000057 : 980c42c1;
00000058 : 44c14206;
00000059 : 44069a06;
0000005a : 960646c1;
0000005b : 48c14606;
0000005c : 48069206;
0000005d : 8e064ac1;
0000005e : 4cc14a06;
0000005f : 4c068a06;
00000060 : 86064ec1;
00000061 : 50c14e06;
00000062 : 50068206;
00000063 : 520a52c1;
00000064 : 540654c1;
00000065 : 560256c1;
00000066 : 200007c2;
00000067 : 490a7672;
00000068 : 5254534e;
00000069 : 49544355;
0000006a : 53204e4f;
0000006b : 20535445;
0000006c : 544e4157;
0000006d : 204f5420;
0000006e : 46204542;
0000006f : 0a454552;
00000070 : 0001000a;
00000071 : 00000000;
00000072 : 00000000;
00000073 : 00000000;
00000074 : 00000000;
00000075 : 00000000;
00000076 : 00000000;
00000077 : 00000000;
00000078 : 00000000;
00000079 : 00000000;
0000007a : 00000000;
0000007b : 00000000;
0000007c : 00000000;
0000007d : 00000000;
0000007e : 00000000;
0000007f : 00000000;
00000080 : f6010113;
00000081 : 01c10613;
00000082 : 00000597;
00000083 : ff858593;
00000084 : 00001517;
00000085 : 41050513;
00000086 : 08112e23;
00000087 : 08912a23;
00000088 : 08812c23;
00000089 : 00002497;
0000008a : b9048493;
0000008b : 09212823;
0000008c : 09312623;
0000008d : 09412423;
0000008e : 09512223;
0000008f : 09612023;
00000090 : 07712e23;
00000091 : 07812c23;
00000092 : 07912a23;
00000093 : 07a12823;
00000094 : 07b12623;
00000095 : 00012e23;
00000096 : 349000ef;
00000097 : 0004a783;
00000098 : f8000713;
00000099 : 00e781a3;
0000009a : 00002717;
0000009b : b4072223;
0000009c : 0007c503;
0000009d : 4c9000ef;
0000009e : 0004a783;
0000009f : 00050593;
000000a0 : 00001517;
000000a1 : 3bc50513;
000000a2 : 0007c603;
000000a3 : 315000ef;
000000a4 : 00001617;
000000a5 : 3c060613;
000000a6 : 00001597;
000000a7 : 3c458593;
000000a8 : 00001517;
000000a9 : 3d450513;
000000aa : 2f9000ef;
000000ab : 0004a783;
000000ac : 00001517;
000000ad : 3d850513;
000000ae : 0027c583;
000000af : 2e5000ef;
000000b0 : 0004a783;
000000b1 : 00001517;
000000b2 : 3d050513;
000000b3 : 0017c583;
000000b4 : 00159593;
000000b5 : 2cd000ef;
000000b6 : 20c010ef;
000000b7 : 00001597;
000000b8 : 33458593;
000000b9 : 00051663;
000000ba : 00001597;
000000bb : 32c58593;
000000bc : 00001517;
000000bd : 3b850513;
000000be : 2a9000ef;
000000bf : 01000613;
000000c0 : 00060593;
000000c1 : 3e800513;
000000c2 : 1d4010ef;
000000c3 : 4e800713;
000000c4 : 00001797;
000000c5 : 54c78793;
000000c6 : 00e51663;
000000c7 : 00001797;
000000c8 : 2fc78793;
000000c9 : 00078513;
000000ca : 279000ef;
000000cb : 00001517;
000000cc : 38450513;
000000cd : 26d000ef;
000000ce : 00001517;
000000cf : 3f850513;
000000d0 : 261000ef;
000000d1 : 00001697;
000000d2 : 2cc68693;
000000d3 : 00002417;
000000d4 : bc440413;
000000d5 : 00000597;
000000d6 : eac58593;
000000d7 : 00001617;
000000d8 : 2b460613;
000000d9 : 40d40733;
000000da : 40b60633;
000000db : 00008797;
000000dc : c9478793;
000000dd : 00001517;
000000de : 34c50513;
000000df : 225000ef;
000000e0 : 00008797;
000000e1 : c8078793;
000000e2 : 408785b3;
000000e3 : 00001517;
000000e4 : 35c50513;
000000e5 : 20d000ef;
000000e6 : deadc7b7;
000000e7 : eef78793;
000000e8 : 00f42023;
000000e9 : 0004a783;
000000ea : 0067d503;
000000eb : 118010ef;
000000ec : 00050593;
000000ed : 00001517;
000000ee : 34c50513;
000000ef : 1e5000ef;
000000f0 : 0004a783;
000000f1 : 001e85b7;
000000f2 : 48058593;
000000f3 : 0017c503;
000000f4 : 00c7a403;
000000f5 : 00c7a603;
000000f6 : 00c12223;
000000f7 : 779000ef;
000000f8 : 00140593;
000000f9 : 018010ef;
000000fa : 00412603;
000000fb : 00050593;
000000fc : 00001517;
000000fd : 32c50513;
000000fe : 1a9000ef;
000000ff : 01000637;
00000100 : 000105b7;
00000101 : fff58593;
00000102 : f0060613;
00000103 : ffff0537;
00000104 : 1e8010ef;
00000105 : 00050593;
00000106 : 1a050a63;
00000107 : 00001517;
00000108 : 31850513;
00000109 : 17d000ef;
0000010a : 00001517;
0000010b : bb850513;
0000010c : 190010ef;
0000010d : 108010ef;
0000010e : 00050413;
0000010f : 1a050063;
00000110 : 00050593;
00000111 : 00001517;
00000112 : 31850513;
00000113 : 155000ef;
00000114 : 00001517;
00000115 : b1850513;
00000116 : 158010ef;
00000117 : 00040863;
00000118 : 00100073;
00000119 : 00100293;
0000011a : 0002a283;
0000011b : 0b8010ef;
0000011c : 00a12223;
0000011d : 16050c63;
0000011e : 00050593;
0000011f : 00001517;
00000120 : 31c50513;
00000121 : 11d000ef;
00000122 : 0cc010ef;
00000123 : 000017b7;
00000124 : 80078793;
00000125 : 00f56533;
00000126 : 138010ef;
00000127 : 058010ef;
00000128 : 00856513;
00000129 : 104010ef;
0000012a : 00001517;
0000012b : 31c50513;
0000012c : 0f1000ef;
0000012d : 00001517;
0000012e : 27c50513;
0000012f : 0e5000ef;
00000130 : 00001517;
00000131 : 33c50513;
00000132 : 0d9000ef;
00000133 : 00000c13;
00000134 : 02000613;
00000135 : 00000593;
00000136 : 00c10533;
00000137 : 621000ef;
00000138 : 0004a783;
00000139 : 00001517;
0000013a : 33050513;
0000013b : 0107a583;
0000013c : 00b12e23;
0000013d : 418585b3;
0000013e : 0a9000ef;
0000013f : 00412783;
00000140 : 04079c63;
00000141 : 08000693;
00000142 : f8000613;
00000143 : 3e700593;
00000144 : 0004a783;
00000145 : 0037c703;
00000146 : 02d71a63;
00000147 : 00002717;
00000148 : 89072703;
00000149 : fff70513;
0000014a : 00002817;
0000014b : 88a82223;
0000014c : 00071c63;
0000014d : 0087a703;
0000014e : 00170713;
0000014f : 00e7a423;
00000150 : 00002717;
00000151 : 86b72623;
00000152 : 00c781a3;
00000153 : 0047c783;
00000154 : 0027f793;
00000155 : fa078ee3;
00000156 : 02000593;
00000157 : 00b10533;
00000158 : 61c000ef;
00000159 : 0004a783;
0000015a : 04010413;
0000015b : 00000913;
0000015c : 0107ac03;
0000015d : 02010513;
0000015e : 00800993;
0000015f : 00001597;
00000160 : 2a058593;
00000161 : 499000ef;
00000162 : 00a42023;
00000163 : 00050a63;
00000164 : 00190913;
00000165 : 00440413;
00000166 : 00000513;
00000167 : ff3910e3;
00000168 : 04012403;
00000169 : f20406e3;
0000016a : 00001597;
0000016b : 27858593;
0000016c : 00040513;
0000016d : 441000ef;
0000016e : 04051063;
0000016f : 00001517;
00000170 : 26c50513;
00000171 : 7dc000ef;
00000172 : f09ff06f;
00000173 : 00001517;
00000174 : 17c50513;
00000175 : 7cc000ef;
00000176 : e51ff06f;
00000177 : 00001517;
00000178 : 1a850513;
00000179 : 7bc000ef;
0000017a : e69ff06f;
0000017b : 00001517;
0000017c : 1f450513;
0000017d : ebdff06f;
0000017e : 00001597;
0000017f : 23858593;
00000180 : 00040513;
00000181 : 3f1000ef;
00000182 : 00051663;
00000183 : 00100073;
00000184 : ec1ff06f;
00000185 : 00001597;
00000186 : 22458593;
00000187 : 00040513;
00000188 : 3d5000ef;
00000189 : 08051663;
0000018a : 7a9000ef;
0000018b : 00001517;
0000018c : 21450513;
0000018d : 76c000ef;
0000018e : 00001517;
0000018f : 22850513;
00000190 : 760000ef;
00000191 : 04412403;
00000192 : 02040463;
00000193 : 00040513;
00000194 : 0a9000ef;
00000195 : 00050493;
00000196 : 00040513;
00000197 : 09d000ef;
00000198 : 000025b7;
00000199 : 00b505b3;
0000019a : 00048513;
0000019b : 775000ef;
0000019c : 09c12083;
0000019d : 09812403;
0000019e : 09412483;
0000019f : 09012903;
000001a0 : 08c12983;
000001a1 : 08812a03;
000001a2 : 08412a83;
000001a3 : 08012b03;
000001a4 : 07c12b83;
000001a5 : 07812c03;
000001a6 : 07412c83;
000001a7 : 07012d03;
000001a8 : 06c12d83;
000001a9 : 00000513;
000001aa : 0a010113;
000001ab : 00008067;
000001ac : 00001597;
000001ad : 1c058593;
000001ae : 00040513;
000001af : 339000ef;
000001b0 : 08051863;
000001b1 : 04412403;
000001b2 : 00040863;
000001b3 : 00040513;
000001b4 : 029000ef;
000001b5 : 00050413;
000001b6 : 10040a13;
000001b7 : 01000993;
000001b8 : 05e00a93;
000001b9 : 00040593;
000001ba : 00001517;
000001bb : 19050513;
000001bc : 6b0000ef;
000001bd : 00000913;
000001be : 012407b3;
000001bf : 0007c583;
000001c0 : 00001517;
000001c1 : 18050513;
000001c2 : 00190913;
000001c3 : 694000ef;
000001c4 : ff3914e3;
000001c5 : 00000913;
000001c6 : 012407b3;
000001c7 : 0007c503;
000001c8 : fe050793;
000001c9 : 0ff7f793;
000001ca : 00faf463;
000001cb : 02e00513;
000001cc : 00190913;
000001cd : 40c000ef;
000001ce : ff3910e3;
000001cf : 00a00513;
000001d0 : 01040413;
000001d1 : 3fc000ef;
000001d2 : f9441ee3;
000001d3 : d85ff06f;
000001d4 : 00200613;
000001d5 : 00001597;
000001d6 : 13058593;
000001d7 : 00040513;
000001d8 : 25d000ef;
000001d9 : 06051863;
000001da : 00244703;
000001db : 06d00793;
000001dc : 0af70e63;
000001dd : 00100793;
000001de : 00078b93;
000001df : 00200913;
000001e0 : 04010713;
000001e1 : 00178a13;
000001e2 : 00279793;
000001e3 : 00f707b3;
000001e4 : 0007a503;
000001e5 : 00000993;
000001e6 : 01240933;
000001e7 : 75c000ef;
000001e8 : 00050a93;
000001e9 : 00050593;
000001ea : 00001517;
000001eb : 0d050513;
000001ec : 5f0000ef;
000001ed : 000a8b13;
000001ee : 06200c93;
000001ef : 07700d13;
000001f0 : 06c00d93;
000001f1 : 093b9063;
000001f2 : 00001517;
000001f3 : f6850513;
000001f4 : df5ff06f;
000001f5 : 00200613;
000001f6 : 00001597;
000001f7 : 0b058593;
000001f8 : 00040513;
000001f9 : 1d9000ef;
000001fa : f80500e3;
000001fb : 00001597;
000001fc : 0a058593;
000001fd : 00040513;
000001fe : 1fd000ef;
000001ff : 14051063;
00000200 : 04412503;
00000201 : 00050863;
00000202 : 6f0000ef;
00000203 : 0004a783;
00000204 : 00a7a423;
00000205 : 0004a783;
00000206 : 00001517;
00000207 : 07850513;
00000208 : 0087a583;
00000209 : 57c000ef;
0000020a : ca9ff06f;
0000020b : 04412503;
0000020c : 00300913;
0000020d : 6c4000ef;
0000020e : 00050b93;
0000020f : 00200793;
00000210 : f41ff06f;
00000211 : 00044783;
00000212 : 07200713;
00000213 : 06e79263;
00000214 : 00094783;
00000215 : 01979c63;
00000216 : 015987b3;
00000217 : 0007c583;
00000218 : 00001517;
00000219 : 02050513;
0000021a : 538000ef;
0000021b : 00094783;
0000021c : 01a79e63;
0000021d : 00199793;
0000021e : 015787b3;
0000021f : 00079583;
00000220 : 00001517;
00000221 : 00050513;
00000222 : 518000ef;
00000223 : 00094783;
00000224 : 01b79a63;
00000225 : 000b2583;
00000226 : 00001517;
00000227 : fe850513;
00000228 : 500000ef;
00000229 : 00198993;
0000022a : 004b0b13;
0000022b : f19ff06f;
0000022c : 001a0793;
0000022d : 00f12423;
0000022e : 002a1a13;
0000022f : 04010793;
00000230 : 01478a33;
00000231 : 000a2503;
00000232 : 630000ef;
00000233 : 00094783;
00000234 : 00050a13;
00000235 : 01979e63;
00000236 : 015987b3;
00000237 : 00a78023;
00000238 : 0ff57593;
00000239 : 00001517;
0000023a : f9c50513;
0000023b : 4b4000ef;
0000023c : 00094783;
0000023d : 03a79263;
0000023e : 010a1593;
0000023f : 00199793;
00000240 : 4105d593;
00000241 : 015787b3;
00000242 : 00b79023;
00000243 : 00001517;
00000244 : f7450513;
00000245 : 48c000ef;
00000246 : 00094783;
00000247 : 01b79c63;
00000248 : 014b2023;
00000249 : 000a0593;
0000024a : 00001517;
0000024b : f5850513;
0000024c : 470000ef;
0000024d : 00812a03;
0000024e : f6dff06f;
0000024f : 00001597;
00000250 : f6058593;
00000251 : 00040513;
00000252 : 0ad000ef;
00000253 : 02051663;
00000254 : 04412503;
00000255 : 00050863;
00000256 : 544000ef;
00000257 : 0004a783;
00000258 : 00a7a623;
00000259 : 0004a783;
0000025a : 00001517;
0000025b : f3c50513;
0000025c : 00c7a583;
0000025d : eb1ff06f;
0000025e : 00001597;
0000025f : f3858593;
00000260 : 00040513;
00000261 : 071000ef;
00000262 : 02051663;
00000263 : 04412503;
00000264 : 00050863;
00000265 : 564000ef;
00000266 : 0004a783;
00000267 : 00a7ac23;
00000268 : 0004a783;
00000269 : 00001517;
0000026a : f1450513;
0000026b : 0187a583;
0000026c : e75ff06f;
0000026d : 00001597;
0000026e : f1058593;
0000026f : 00040513;
00000270 : 035000ef;
00000271 : 00051c63;
00000272 : 0004a783;
00000273 : 00001517;
00000274 : f0050513;
00000275 : 0147a583;
00000276 : e4dff06f;
00000277 : 00001597;
00000278 : efc58593;
00000279 : 00040513;
0000027a : 00d000ef;
0000027b : 02051a63;
0000027c : 04412503;
0000027d : 4a8000ef;
0000027e : 00050413;
0000027f : 04812503;
00000280 : 49c000ef;
00000281 : 00050593;
00000282 : 00040513;
00000283 : 149000ef;
00000284 : 00050593;
00000285 : 00001517;
00000286 : ec850513;
00000287 : e09ff06f;
00000288 : 00001597;
00000289 : ec858593;
0000028a : 00040513;
0000028b : 7c8000ef;
0000028c : 04051863;
0000028d : 04412503;
0000028e : 464000ef;
0000028f : 00050413;
00000290 : 04812503;
00000291 : 458000ef;
00000292 : 00050593;
00000293 : 00a12623;
00000294 : 00040513;
00000295 : 239000ef;
00000296 : 00c12583;
00000297 : 00a12423;
00000298 : 00040513;
00000299 : 221000ef;
0000029a : 00812603;
0000029b : 00050593;
0000029c : 00001517;
0000029d : e7c50513;
0000029e : 328000ef;
0000029f : a55ff06f;
000002a0 : 00001597;
000002a1 : e8058593;
000002a2 : 00040513;
000002a3 : 768000ef;
000002a4 : 04051663;
000002a5 : 04412503;
000002a6 : 404000ef;
000002a7 : 00050413;
000002a8 : 04812503;
000002a9 : 3f8000ef;
000002aa : 00050913;
000002ab : 04c12503;
000002ac : 3ec000ef;
000002ad : 01051613;
000002ae : 01091593;
000002af : 4105d593;
000002b0 : 41065613;
000002b1 : 00040513;
000002b2 : 215000ef;
000002b3 : 00050593;
000002b4 : 00001517;
000002b5 : e3450513;
000002b6 : d4dff06f;
000002b7 : 00001597;
000002b8 : e3458593;
000002b9 : 00040513;
000002ba : 70c000ef;
000002bb : 02051063;
000002bc : 04412503;
000002bd : 404000ef;
000002be : 00050593;
000002bf : 40155613;
000002c0 : 00001517;
000002c1 : e1850513;
000002c2 : f71ff06f;
000002c3 : 00044783;
000002c4 : 9c0780e3;
000002c5 : 00040593;
000002c6 : 00001517;
000002c7 : e1450513;
000002c8 : d05ff06f;
000002c9 : 00001717;
000002ca : 29072703;
000002cb : 00474783;
000002cc : 0027f793;
000002cd : fe078ce3;
000002ce : 00574503;
000002cf : 00008067;
000002d0 : 00a00713;
000002d1 : 00001797;
000002d2 : 2707a783;
000002d3 : 00e51c63;
000002d4 : 0047c703;
000002d5 : 00177713;
000002d6 : fe071ce3;
000002d7 : 00d00713;
000002d8 : 00e782a3;
000002d9 : 0047c703;
000002da : 00177713;
000002db : fe071ce3;
000002dc : 00a782a3;
000002dd : 0ff57513;
000002de : 00008067;
000002df : fe010113;
000002e0 : 00812c23;
000002e1 : 00912a23;
000002e2 : 01212823;
000002e3 : 01512223;
000002e4 : 00112e23;
000002e5 : 01312623;
000002e6 : 01412423;
000002e7 : 00050913;
000002e8 : 00058493;
000002e9 : 00050413;
000002ea : 00800a93;
000002eb : fff48493;
000002ec : 00048a13;
000002ed : 04049263;
000002ee : 00a00513;
000002ef : f85ff0ef;
000002f0 : 00040023;
000002f1 : 40890433;
000002f2 : 00803433;
000002f3 : 40800433;
000002f4 : 00897533;
000002f5 : 01c12083;
000002f6 : 01812403;
000002f7 : 01412483;
000002f8 : 01012903;
000002f9 : 00c12983;
000002fa : 00812a03;
000002fb : 00412a83;
000002fc : 02010113;
000002fd : 00008067;
000002fe : f2dff0ef;
000002ff : ff350793;
00000300 : 00050993;
00000301 : fa078ae3;
00000302 : ff650793;
00000303 : fa0786e3;
00000304 : f31ff0ef;
00000305 : 01599c63;
00000306 : f8890ae3;
00000307 : fe040fa3;
00000308 : 000a0493;
00000309 : fff40413;
0000030a : fd1ff06f;
0000030b : 01340023;
0000030c : 00140413;
0000030d : f79ff06f;
0000030e : ff010113;
0000030f : 00812423;
00000310 : 00112623;
00000311 : 00050413;
00000312 : 00051663;
00000313 : 00001417;
00000314 : e0040413;
00000315 : 00044503;
00000316 : 00051a63;
00000317 : 00c12083;
00000318 : 00812403;
00000319 : 01010113;
0000031a : 00008067;
0000031b : 00140413;
0000031c : ed1ff0ef;
0000031d : fe1ff06f;
0000031e : ff010113;
0000031f : 00112623;
00000320 : fb9ff0ef;
00000321 : 00c12083;
00000322 : 00a00513;
00000323 : 01010113;
00000324 : eb1ff06f;
00000325 : fa010113;
00000326 : 04812c23;
00000327 : 05312623;
00000328 : 00050413;
00000329 : 00058993;
0000032a : 01100613;
0000032b : 00001597;
0000032c : da858593;
0000032d : 00c10513;
0000032e : 04112e23;
0000032f : 04912a23;
00000330 : 05212823;
00000331 : 05412423;
00000332 : 5e8000ef;
00000333 : 00045c63;
00000334 : ff698793;
00000335 : 00079863;
00000336 : 02d00513;
00000337 : e65ff0ef;
00000338 : 40800433;
00000339 : 00000493;
0000033a : 00a00a13;
0000033b : 00098593;
0000033c : 00040513;
0000033d : 710000ef;
0000033e : 04050793;
0000033f : 00278533;
00000340 : fcc54703;
00000341 : 04048793;
00000342 : 002787b3;
00000343 : 00040513;
00000344 : fee78023;
00000345 : 00098593;
00000346 : 6e4000ef;
00000347 : 00050413;
00000348 : 07498263;
00000349 : 04148793;
0000034a : 00098593;
0000034b : 00278933;
0000034c : 6d4000ef;
0000034d : 04050793;
0000034e : 00278533;
0000034f : fcc54783;
00000350 : 00098593;
00000351 : 00040513;
00000352 : fef90023;
00000353 : 6b0000ef;
00000354 : 00248493;
00000355 : 00050413;
00000356 : f8041ae3;
00000357 : 02010413;
00000358 : 02049663;
00000359 : 05c12083;
0000035a : 05812403;
0000035b : 05412483;
0000035c : 05012903;
0000035d : 04c12983;
0000035e : 04812a03;
0000035f : 06010113;
00000360 : 00008067;
00000361 : 00148493;
00000362 : fd1ff06f;
00000363 : fff48493;
00000364 : 009407b3;
00000365 : 0007c503;
00000366 : da9ff0ef;
00000367 : fc5ff06f;
00000368 : fb010113;
00000369 : 04f12223;
0000036a : 03410793;
0000036b : 02812423;
0000036c : 02912223;
0000036d : 03212023;
0000036e : 01312e23;
0000036f : 01412c23;
00000370 : 02112623;
00000371 : 01512a23;
00000372 : 00050413;
00000373 : 02b12a23;
00000374 : 02c12c23;
00000375 : 02d12e23;
00000376 : 04e12023;
00000377 : 05012423;
00000378 : 05112623;
00000379 : 00f12623;
0000037a : 02500493;
0000037b : 07300913;
0000037c : 07800993;
0000037d : 06400a13;
0000037e : 00044503;
0000037f : 02051463;
00000380 : 02c12083;
00000381 : 02812403;
00000382 : 02412483;
00000383 : 02012903;
00000384 : 01c12983;
00000385 : 01812a03;
00000386 : 01412a83;
00000387 : 05010113;
00000388 : 00008067;
00000389 : 06951863;
0000038a : 00144503;
0000038b : 00140a93;
0000038c : 03251263;
0000038d : 00c12783;
0000038e : 0007a503;
0000038f : 00478713;
00000390 : 00e12623;
00000391 : df5ff0ef;
00000392 : 000a8413;
00000393 : 00140413;
00000394 : fa9ff06f;
00000395 : 03351063;
00000396 : 00c12783;
00000397 : 01000593;
00000398 : 00478713;
00000399 : 00e12623;
0000039a : 0007a503;
0000039b : e29ff0ef;
0000039c : fd9ff06f;
0000039d : 01451c63;
0000039e : 00c12783;
0000039f : 00a00593;
000003a0 : 00478713;
000003a1 : 00e12623;
000003a2 : fe1ff06f;
000003a3 : cb5ff0ef;
000003a4 : fb9ff06f;
000003a5 : cadff0ef;
000003a6 : fb5ff06f;
000003a7 : 00050693;
000003a8 : 04051063;
000003a9 : 00000513;
000003aa : 00008067;
000003ab : 02b78663;
000003ac : fd078793;
000003ad : 00351713;
000003ae : 00e78733;
000003af : 00151793;
000003b0 : 00f70533;
000003b1 : 00168693;
000003b2 : 0006c783;
000003b3 : fe0790e3;
000003b4 : 02061063;
000003b5 : 00008067;
000003b6 : 00100613;
000003b7 : fe9ff06f;
000003b8 : 00000613;
000003b9 : 00000513;
000003ba : 02d00593;
000003bb : fddff06f;
000003bc : 40a00533;
000003bd : 00008067;
000003be : 00050693;
000003bf : 00000513;
000003c0 : 02069a63;
000003c1 : 00008067;
000003c2 : 00451713;
000003c3 : 00f66e63;
000003c4 : fd078793;
000003c5 : 00e78533;
000003c6 : 00168693;
000003c7 : 0006c783;
000003c8 : fe0794e3;
000003c9 : 00008067;
000003ca : 05f7f793;
000003cb : fc978793;
000003cc : fe5ff06f;
000003cd : 03900613;
000003ce : fe5ff06f;
000003cf : 01400793;
000003d0 : 00a7ee63;
000003d1 : 00251513;
000003d2 : 00001797;
000003d3 : df478793;
000003d4 : 00a787b3;
000003d5 : 0007a503;
000003d6 : 00008067;
000003d7 : 00001517;
000003d8 : b0c50513;
000003d9 : 00008067;
000003da : ff010113;
000003db : 00f12023;
000003dc : 00001797;
000003dd : e447a783;
000003de : 00e12223;
000003df : 00c12623;
000003e0 : 00d12423;
000003e1 : 0037c683;
000003e2 : 08000713;
000003e3 : 02e69e63;
000003e4 : 00001717;
000003e5 : e1c72703;
000003e6 : fff70693;
000003e7 : 00001617;
000003e8 : e0d62823;
000003e9 : 00071e63;
000003ea : 0087a703;
000003eb : 00170713;
000003ec : 00e7a423;
000003ed : 06300713;
000003ee : 00001697;
000003ef : dee6aa23;
000003f0 : f8000713;
000003f1 : 00e781a3;
000003f2 : 00c12603;
000003f3 : 00812683;
000003f4 : 00412703;
000003f5 : 00012783;
000003f6 : 01010113;
000003f7 : 30200073;
000003f8 : fb010113;
000003f9 : 02b12c23;
000003fa : 02c12a23;
000003fb : 02d12823;
000003fc : 04112623;
000003fd : 04512423;
000003fe : 04612223;
000003ff : 04712023;
00000400 : 02e12623;
00000401 : 02f12423;
00000402 : 03012223;
00000403 : 03112023;
00000404 : 01c12e23;
00000405 : 01d12c23;
00000406 : 01e12a23;
00000407 : 01f12823;
00000408 : 02a12e23;
00000409 : 4e8000ef;
0000040a : 00a12623;
0000040b : 51c000ef;
0000040c : 00c12603;
0000040d : 00050593;
0000040e : 00001697;
0000040f : a3868693;
00000410 : 02060663;
00000411 : fff60793;
00000412 : 00600713;
00000413 : 00001697;
00000414 : a1c68693;
00000415 : 00f76c63;
00000416 : 00279793;
00000417 : 00001717;
00000418 : ce070713;
00000419 : 00f707b3;
0000041a : 0547a683;
0000041b : 00001517;
0000041c : a2050513;
0000041d : d2dff0ef;
0000041e : 4d0000ef;
0000041f : 00450513;
00000420 : 548000ef;
00000421 : 04c12083;
00000422 : 04812283;
00000423 : 04412303;
00000424 : 04012383;
00000425 : 03c12503;
00000426 : 03812583;
00000427 : 03412603;
00000428 : 03012683;
00000429 : 02c12703;
0000042a : 02812783;
0000042b : 02412803;
0000042c : 02012883;
0000042d : 01c12e03;
0000042e : 01812e83;
0000042f : 01412f03;
00000430 : 01012f83;
00000431 : 05010113;
00000432 : 10200073;
00000433 : 00001797;
00000434 : ce87a783;
00000435 : ff010113;
00000436 : 00812423;
00000437 : 00050413;
00000438 : 0107a503;
00000439 : 000f45b7;
0000043a : 24058593;
0000043b : 00112623;
0000043c : 30c000ef;
0000043d : 00040463;
0000043e : 00a42023;
0000043f : 00c12083;
00000440 : 00812403;
00000441 : 01010113;
00000442 : 00008067;
00000443 : 00001797;
00000444 : ca87a783;
00000445 : 0107a503;
00000446 : 00008067;
00000447 : 00001797;
00000448 : c987a783;
00000449 : 0107a783;
0000044a : 04050e63;
0000044b : ff010113;
0000044c : 000f45b7;
0000044d : 00812423;
0000044e : 24058593;
0000044f : 00050413;
00000450 : 00078513;
00000451 : 00112623;
00000452 : 00912223;
00000453 : 00078493;
00000454 : 2ac000ef;
00000455 : 000f45b7;
00000456 : 00a42023;
00000457 : 24058593;
00000458 : 00048513;
00000459 : 2a0000ef;
0000045a : 00a42223;
0000045b : 00c12083;
0000045c : 00812403;
0000045d : 00412483;
0000045e : 00000513;
0000045f : 01010113;
00000460 : 00008067;
00000461 : fff00513;
00000462 : 00008067;
00000463 : fff60613;
00000464 : 00000793;
00000465 : 00c78e63;
00000466 : 00f58733;
00000467 : 00074703;
00000468 : 00f506b3;
00000469 : 00178793;
0000046a : 00e68023;
0000046b : fe0714e3;
0000046c : 00008067;
0000046d : fff00613;
0000046e : fd5ff06f;
0000046f : fff60613;
00000470 : 00000793;
00000471 : 00f50733;
00000472 : 00074803;
00000473 : 00f58733;
00000474 : 00074683;
00000475 : 40d80733;
00000476 : 00c78a63;
00000477 : 00080863;
00000478 : 00178793;
00000479 : 00068463;
0000047a : fc070ee3;
0000047b : 00070513;
0000047c : 00008067;
0000047d : fff00613;
0000047e : fc5ff06f;
0000047f : 00050793;
00000480 : 00078663;
00000481 : 0007c703;
00000482 : 00071663;
00000483 : 40a78533;
00000484 : 00008067;
00000485 : 00178793;
00000486 : fe9ff06f;
00000487 : fe010113;
00000488 : 00812c23;
00000489 : 00112e23;
0000048a : 00912a23;
0000048b : 01212823;
0000048c : 01312623;
0000048d : 00050413;
0000048e : 00051863;
0000048f : 00001417;
00000490 : b7442403;
00000491 : 04040263;
00000492 : 00058513;
00000493 : 00058913;
00000494 : fadff0ef;
00000495 : 00050993;
00000496 : 00040493;
00000497 : 0004c783;
00000498 : 02078063;
00000499 : 00098613;
0000049a : 00090593;
0000049b : 00048513;
0000049c : f4dff0ef;
0000049d : 00148793;
0000049e : 02051863;
0000049f : 00048023;
000004a0 : 00001717;
000004a1 : b2f72823;
000004a2 : 01c12083;
000004a3 : 00040513;
000004a4 : 01812403;
000004a5 : 01412483;
000004a6 : 01012903;
000004a7 : 00c12983;
000004a8 : 02010113;
000004a9 : 00008067;
000004aa : 00078493;
000004ab : fb1ff06f;
000004ac : 00000793;
000004ad : 00c79463;
000004ae : 00008067;
000004af : 00f58733;
000004b0 : 00074683;
000004b1 : 00f50733;
000004b2 : 00178793;
000004b3 : 00d70023;
000004b4 : fe5ff06f;
000004b5 : 00c58633;
000004b6 : 00c59663;
000004b7 : 00000513;
000004b8 : 00008067;
000004b9 : 00054703;
000004ba : 0005c783;
000004bb : 00158593;
000004bc : fef718e3;
000004bd : 00150513;
000004be : fe1ff06f;
000004bf : 00c50633;
000004c0 : 00050793;
000004c1 : 00c79463;
000004c2 : 00008067;
000004c3 : 00178793;
000004c4 : feb78fa3;
000004c5 : ff1ff06f;
000004c6 : 00050793;
000004c7 : 00b56863;
000004c8 : 00058713;
000004c9 : 00070793;
000004ca : 00050593;
000004cb : 00000513;
000004cc : 01c0006f;
000004cd : 01f79693;
000004ce : 41f6d713;
000004cf : 00b77733;
000004d0 : 00e50533;
000004d1 : 00159593;
000004d2 : 0017d793;
000004d3 : fe0794e3;
000004d4 : 00008067;
000004d5 : ff010113;
000004d6 : 00912223;
000004d7 : 00112623;
000004d8 : 00812423;
000004d9 : 00000493;
000004da : 00055663;
000004db : 40a00533;
000004dc : 00100493;
000004dd : 00000413;
000004de : 0005d663;
000004df : 40b005b3;
000004e0 : 00100413;
000004e1 : f95ff0ef;
000004e2 : 00848463;
000004e3 : 40a00533;
000004e4 : 00c12083;
000004e5 : 00812403;
000004e6 : 00412483;
000004e7 : 01010113;
000004e8 : 00008067;
000004e9 : 00100793;
000004ea : 00059a63;
000004eb : 00058513;
000004ec : 00008067;
000004ed : 00179793;
000004ee : 00159593;
000004ef : 00a5f463;
000004f0 : fe05dae3;
000004f1 : 00058713;
000004f2 : 00000693;
000004f3 : 00050593;
000004f4 : 00058463;
000004f5 : 00079863;
000004f6 : fc060ae3;
000004f7 : 00068593;
000004f8 : fcdff06f;
000004f9 : 00e5e663;
000004fa : 40e585b3;
000004fb : 00f686b3;
000004fc : 0017d793;
000004fd : 00175713;
000004fe : fd9ff06f;
000004ff : 00100613;
00000500 : fa5ff06f;
00000501 : 00000613;
00000502 : f9dff06f;
00000503 : 06058863;
00000504 : fe010113;
00000505 : 00812c23;
00000506 : 00112e23;
00000507 : 00912a23;
00000508 : 00000413;
00000509 : 00055663;
0000050a : 40a00533;
0000050b : 00100413;
0000050c : 00000493;
0000050d : 0005d663;
0000050e : 40b005b3;
0000050f : 00100493;
00000510 : 00c12623;
00000511 : f61ff0ef;
00000512 : 00c12603;
00000513 : 00050593;
00000514 : 00060863;
00000515 : 00940863;
00000516 : 40b005b3;
00000517 : 0080006f;
00000518 : fe041ce3;
00000519 : 01c12083;
0000051a : 01812403;
0000051b : 01412483;
0000051c : 00058513;
0000051d : 02010113;
0000051e : 00008067;
0000051f : 00058513;
00000520 : 00008067;
00000521 : 00100613;
00000522 : f85ff06f;
00000523 : 00000613;
00000524 : f7dff06f;
00000525 : 01051613;
00000526 : 01055793;
00000527 : 01855693;
00000528 : 01865713;
00000529 : 0ff7f793;
0000052a : 00851513;
0000052b : 00a70533;
0000052c : 00879793;
0000052d : 00d7e7b3;
0000052e : 01051513;
0000052f : 00a7e533;
00000530 : 00008067;
00000531 : 00855793;
00000532 : 00851513;
00000533 : 00a78533;
00000534 : 01051513;
00000535 : 01055513;
00000536 : 00008067;
00000537 : 00c5850b;
00000538 : 00008067;
00000539 : 00000793;
0000053a : 00100f93;
0000053b : 40ff8533;
0000053c : 00008067;
0000053d : 00000513;
0000053e : 30002573;
0000053f : 00008067;
00000540 : 00000513;
00000541 : 34202573;
00000542 : 00008067;
00000543 : 00000513;
00000544 : 14202573;
00000545 : 00008067;
00000546 : 00000513;
00000547 : f1402573;
00000548 : 00008067;
00000549 : 00000513;
0000054a : 30502573;
0000054b : 00008067;
0000054c : 00000513;
0000054d : 34102573;
0000054e : 00008067;
0000054f : 00000513;
00000550 : 10502573;
00000551 : 00008067;
00000552 : 00000513;
00000553 : 14102573;
00000554 : 00008067;
00000555 : 00000513;
00000556 : 30402573;
00000557 : 00008067;
00000558 : 00000513;
00000559 : 34402573;
0000055a : 00008067;
0000055b : 00000513;
0000055c : 00000593;
0000055d : c80025f3;
0000055e : c0002573;
0000055f : 00100073;
00000560 : c8002673;
00000561 : fec594e3;
00000562 : 00008067;
00000563 : 00000513;
00000564 : 00000593;
00000565 : c82025f3;
00000566 : c0202573;
00000567 : c8202673;
00000568 : fec596e3;
00000569 : 00008067;
0000056a : 30051073;
0000056b : 00008067;
0000056c : 30551073;
0000056d : 00008067;
0000056e : 34151073;
0000056f : 00008067;
00000570 : 10551073;
00000571 : 00008067;
00000572 : 14151073;
00000573 : 00008067;
00000574 : 30451073;
00000575 : 00008067;
00000576 : 00050113;
00000577 : 00008067;
00000578 : 00058113;
00000579 : 00050093;
0000057a : 00000513;
0000057b : 00000593;
0000057c : 00000613;
0000057d : 00008067;
0000057e : 34051073;
0000057f : 3405a073;
00000580 : 34063073;
00000581 : 00000513;
00000582 : 34002573;
00000583 : 00008067;
00000584 : 00000069;
00000585 : 00000065;
00000586 : 2063616d;
00000587 : 00000000;
00000588 : 746f6f62;
00000589 : 6d203a30;
0000058a : 406e6961;
0000058b : 73207825;
0000058c : 6b636174;
0000058d : 0a782540;
0000058e : 00000000;
0000058f : 72616f62;
00000590 : 25203a64;
00000591 : 69282073;
00000592 : 64253d64;
00000593 : 00000a29;
00000594 : 32337672;
00000595 : 697a5f69;
00000596 : 00727363;
00000597 : 202c6125;
00000598 : 25206425;
00000599 : 59252062;
0000059a : 3a482520;
0000059b : 253a4d25;
0000059c : 00000053;
0000059d : 6c697562;
0000059e : 25203a64;
0000059f : 6f662073;
000005a0 : 73252072;
000005a1 : 0000000a;
000005a2 : 65726f63;
000005a3 : 203a6425;
000005a4 : 00000000;
000005a5 : 6b726164;
000005a6 : 63736972;
000005a7 : 64254076;
000005a8 : 207a484d;
000005a9 : 00000000;
000005aa : 32337672;
000005ab : 00207325;
000005ac : 7474696c;
000005ad : 652d656c;
000005ae : 6169646e;
000005af : 0000206e;
000005b0 : 6d617262;
000005b1 : 74203a30;
000005b2 : 40747865;
000005b3 : 252b7825;
000005b4 : 61642078;
000005b5 : 25406174;
000005b6 : 78252b78;
000005b7 : 61747320;
000005b8 : 25406b63;
000005b9 : 00000a78;
000005ba : 6d617262;
000005bb : 25203a30;
000005bc : 79622064;
000005bd : 20736574;
000005be : 65657266;
000005bf : 0000000a;
000005c0 : 74726175;
000005c1 : 31203a30;
000005c2 : 322e3531;
000005c3 : 7370626b;
000005c4 : 69642820;
000005c5 : 64253d76;
000005c6 : 00000a29;
000005c7 : 726d6974;
000005c8 : 25203a30;
000005c9 : 207a4864;
000005ca : 76696428;
000005cb : 2964253d;
000005cc : 0000000a;
000005cd : 78727363;
000005ce : 63203a78;
000005cf : 745f7273;
000005d0 : 3d747365;
000005d1 : 000a7825;
000005d2 : 78727363;
000005d3 : 6e203a78;
000005d4 : 6620746f;
000005d5 : 646e756f;
000005d6 : 0000000a;
000005d7 : 65767473;
000005d8 : 68203a63;
000005d9 : 6c646e61;
000005da : 25407265;
000005db : 64202c78;
000005dc : 67756265;
000005dd : 616e6520;
000005de : 64656c62;
000005df : 0a2e2e2e;
000005e0 : 00000000;
000005e1 : 65767473;
000005e2 : 6e203a63;
000005e3 : 6620746f;
000005e4 : 646e756f;
000005e5 : 0000000a;
000005e6 : 6576746d;
000005e7 : 68203a63;
000005e8 : 6c646e61;
000005e9 : 25407265;
000005ea : 65202c78;
000005eb : 6c62616e;
000005ec : 20676e69;
000005ed : 65746e69;
000005ee : 70757272;
000005ef : 2e2e7374;
000005f0 : 00000a2e;
000005f1 : 6576746d;
000005f2 : 69203a63;
000005f3 : 7265746e;
000005f4 : 74707572;
000005f5 : 6e652073;
000005f6 : 656c6261;
000005f7 : 000a2164;
000005f8 : 6576746d;
000005f9 : 6e203a63;
000005fa : 6620746f;
000005fb : 646e756f;
000005fc : 6f702820;
000005fd : 6e696c6c;
000005fe : 000a2967;
000005ff : 636c6557;
00000600 : 20656d6f;
00000601 : 44206f74;
00000602 : 526b7261;
00000603 : 56435349;
00000604 : 000a0a21;
00000605 : 203e6425;
00000606 : 00000000;
00000607 : 00000020;
00000608 : 61656c63;
00000609 : 00000072;
0000060a : 1b485b1b;
0000060b : 004a325b;
0000060c : 706f7473;
0000060d : 00000000;
0000060e : 6f626572;
0000060f : 0000746f;
00000610 : 6576746d;
00000611 : 69203a63;
00000612 : 7265746e;
00000613 : 74707572;
00000614 : 69642073;
00000615 : 6c626173;
00000616 : 0a216465;
00000617 : 00000000;
00000618 : 6f626572;
00000619 : 6e69746f;
0000061a : 2e2e2e67;
0000061b : 0000000a;
0000061c : 706d7564;
0000061d : 00000000;
0000061e : 203a7825;
0000061f : 00000000;
00000620 : 00207825;
00000621 : 00006472;
00000622 : 00007277;
00000623 : 0064656c;
00000624 : 2064656c;
00000625 : 7825203d;
00000626 : 0000000a;
00000627 : 656d6974;
00000628 : 00000072;
00000629 : 656d6974;
0000062a : 203d2072;
0000062b : 000a6425;
0000062c : 726f706f;
0000062d : 00000074;
0000062e : 726f706f;
0000062f : 203d2074;
00000630 : 000a7825;
00000631 : 726f7069;
00000632 : 00000074;
00000633 : 726f7069;
00000634 : 203d2074;
00000635 : 000a7825;
00000636 : 006c756d;
00000637 : 206c756d;
00000638 : 6425203d;
00000639 : 0000000a;
0000063a : 00766964;
0000063b : 20766964;
0000063c : 6425203d;
0000063d : 6f6d202c;
0000063e : 203d2064;
0000063f : 000a6425;
00000640 : 0063616d;
00000641 : 2063616d;
00000642 : 6425203d;
00000643 : 0000000a;
00000644 : 69617273;
00000645 : 00000000;
00000646 : 69617273;
00000647 : 20782520;
00000648 : 31203e3e;
00000649 : 25203d20;
0000064a : 00000a78;
0000064b : 6d6d6f63;
0000064c : 3a646e61;
0000064d : 73255b20;
0000064e : 6f6e205d;
0000064f : 6f662074;
00000650 : 2e646e75;
00000651 : 6c61760a;
00000652 : 63206469;
00000653 : 616d6d6f;
00000654 : 3a73646e;
00000655 : 656c6320;
00000656 : 202c7261;
00000657 : 706d7564;
00000658 : 65685b20;
00000659 : 202c5d78;
0000065a : 2064656c;
0000065b : 7865685b;
0000065c : 74202c5d;
0000065d : 72656d69;
0000065e : 65645b20;
0000065f : 202c5d63;
00000660 : 726f706f;
00000661 : 685b2074;
00000662 : 0a5d7865;
00000663 : 20202020;
00000664 : 20202020;
00000665 : 20202020;
00000666 : 20202020;
00000667 : 206c756d;
00000668 : 6365645b;
00000669 : 645b205d;
0000066a : 2c5d6365;
0000066b : 76696420;
0000066c : 65645b20;
0000066d : 5b205d63;
0000066e : 5d636564;
0000066f : 616d202c;
00000670 : 645b2063;
00000671 : 205d6365;
00000672 : 6365645b;
00000673 : 645b205d;
00000674 : 0a5d6365;
00000675 : 20202020;
00000676 : 20202020;
00000677 : 20202020;
00000678 : 20202020;
00000679 : 6f626572;
0000067a : 202c746f;
0000067b : 6d5b7277;
0000067c : 77625b5d;
0000067d : 5b205d6c;
0000067e : 5d786568;
0000067f : 65685b20;
00000680 : 5b205d78;
00000681 : 7865685b;
00000682 : 6877205d;
00000683 : 6d206e65;
00000684 : 200a2c5d;
00000685 : 20202020;
00000686 : 20202020;
00000687 : 20202020;
00000688 : 72202020;
00000689 : 5d6d5b64;
0000068a : 6c77625b;
0000068b : 685b205d;
0000068c : 205d7865;
0000068d : 65685b5b;
0000068e : 77205d78;
0000068f : 206e6568;
00000690 : 202c5d6d;
00000691 : 726f7069;
00000692 : 00000a74;
00000693 : 4c554e28;
00000694 : 0000294c;
00000695 : 33323130;
00000696 : 37363534;
00000697 : 62613938;
00000698 : 66656463;
00000699 : 00000000;
0000069a : 6e6b6e75;
0000069b : 006e776f;
0000069c : 74736e69;
0000069d : 74637572;
0000069e : 206e6f69;
0000069f : 72646461;
000006a0 : 20737365;
000006a1 : 67696c61;
000006a2 : 0000006e;
000006a3 : 75626564;
000006a4 : 2a203a67;
000006a5 : 65202a2a;
000006a6 : 70656378;
000006a7 : 6e6f6974;
000006a8 : 20746120;
000006a9 : 77207825;
000006aa : 636d202f;
000006ab : 65737561;
000006ac : 2f78253d;
000006ad : 5d73255b;
000006ae : 2a2a2a20;
000006af : 0000000a;
000006b0 : 74736e69;
000006b1 : 74637572;
000006b2 : 206e6f69;
000006b3 : 61746164;
000006b4 : 75616620;
000006b5 : 0000746c;
000006b6 : 656c6c69;
000006b7 : 206c6167;
000006b8 : 74736e69;
000006b9 : 74637572;
000006ba : 006e6f69;
000006bb : 61657262;
000006bc : 696f706b;
000006bd : 0000746e;
000006be : 64616f6c;
000006bf : 64646120;
000006c0 : 73736572;
000006c1 : 696c6120;
000006c2 : 00006e67;
000006c3 : 64616f6c;
000006c4 : 74616420;
000006c5 : 61662061;
000006c6 : 00746c75;
000006c7 : 726f7473;
000006c8 : 64612065;
000006c9 : 73657264;
000006ca : 6c612073;
000006cb : 006e6769;
000006cc : 726f7473;
000006cd : 61642065;
000006ce : 66206174;
000006cf : 746c7561;
000006d0 : 00000000;
000006d1 : 756d6973;
000006d2 : 6974616c;
000006d3 : 6f206e6f;
000006d4 : 00796c6e;
000006d5 : 656e7661;
000006d6 : 696d2074;
000006d7 : 626f7263;
000006d8 : 6472616f;
000006d9 : 39786c20;
000006da : 00000000;
000006db : 696c6978;
000006dc : 6120786e;
000006dd : 31303763;
000006de : 30326120;
000006df : 00000030;
000006e0 : 65746d71;
000006e1 : 73206863;
000006e2 : 6d617264;
000006e3 : 31786c20;
000006e4 : 00000036;
000006e5 : 65746d71;
000006e6 : 73206863;
000006e7 : 74726170;
000006e8 : 20376e61;
000006e9 : 00353173;
000006ea : 7474616c;
000006eb : 20656369;
000006ec : 76657262;
000006ed : 20326169;
000006ee : 3270786c;
000006ef : 00000000;
000006f0 : 77736970;
000006f1 : 7364726f;
000006f2 : 34737220;
000006f3 : 6c203538;
000006f4 : 00003978;
000006f5 : 69676964;
000006f6 : 746e656c;
000006f7 : 61707320;
000006f8 : 6e617472;
000006f9 : 32732033;
000006fa : 00003030;
000006fb : 65696c61;
000006fc : 65727078;
000006fd : 68207373;
000006fe : 342f6370;
000006ff : 65626730;
00000700 : 32346b20;
00000701 : 00000030;
00000702 : 65746d71;
00000703 : 61206863;
00000704 : 78697472;
00000705 : 33612037;
00000706 : 00000035;
00000707 : 65696c61;
00000708 : 65727078;
00000709 : 68207373;
0000070a : 342f6370;
0000070b : 65626730;
0000070c : 30756b20;
0000070d : 00003034;
0000070e : 69706170;
0000070f : 206f696c;
00000710 : 206f7564;
00000711 : 69676f6c;
00000712 : 61747363;
00000713 : 00007472;
00000714 : 65746d71;
00000715 : 6b206863;
00000716 : 65746e69;
00000717 : 20372d78;
00000718 : 3532336b;
00000719 : 00000000;
0000071a : 72616373;
0000071b : 6d206261;
0000071c : 73696e69;
0000071d : 74726170;
0000071e : 2d366e61;
0000071f : 73756c70;
00000720 : 39786c20;
00000721 : 00000000;
00000722 : 7474616c;
00000723 : 20656369;
00000724 : 35706365;
00000725 : 4635342d;
00000726 : 6c6f6320;
00000727 : 696c726f;
00000728 : 69746867;
00000729 : 00000039;
0000072a : 7474616c;
0000072b : 20656369;
0000072c : 35706365;
0000072d : 4635322d;
0000072e : 6c6f6320;
0000072f : 696c726f;
00000730 : 69746867;
00000731 : 00000035;
00000732 : 7474616c;
00000733 : 20656369;
00000734 : 35706365;
00000735 : 4635382d;
00000736 : 786c7520;
00000737 : 00007333;
00000738 : 65746d71;
00000739 : 63206863;
0000073a : 6f6c6379;
0000073b : 3120656e;
0000073c : 20706c30;
0000073d : 36313063;
0000073e : 00000000;
0000073f : 77736970;
00000740 : 7364726f;
00000741 : 33686320;
00000742 : 6c207834;
00000743 : 00363178;
00000744 : 3178616d;
00000745 : 20303030;
00000746 : 3178616d;
00000747 : 00000030;
00000748 : 30316564;
00000749 : 6f6e616e;
0000074a : 63796320;
0000074b : 656e6f6c;
0000074c : 696d2076;
0000074d : 72657473;
0000074e : 00000000;
0000074f : 00001b44;
00000750 : 00001b54;
00000751 : 00001b6c;
00000752 : 00001b80;
00000753 : 00001b94;
00000754 : 00001ba8;
00000755 : 00001bc0;
00000756 : 00001bd4;
00000757 : 00001bec;
00000758 : 00001c08;
00000759 : 00001c1c;
0000075a : 00001c38;
0000075b : 00001c50;
0000075c : 00001c68;
0000075d : 00001c88;
0000075e : 00001ca8;
0000075f : 00001cc8;
00000760 : 00001ce0;
00000761 : 00001cfc;
00000762 : 00001d10;
00000763 : 00001d20;
00000764 : 00001ac0;
00000765 : 00001ad8;
00000766 : 00001aec;
00000767 : 00001af8;
00000768 : 00001b0c;
00000769 : 00001b1c;
0000076a : 00001b30;
0000076b : 00000000;
0000076c : 00000000;
0000076d : 40000000;
0000076e : 00002641;
0000076f : 73697200;
00000770 : 01007663;
00000771 : 0000001c;
00000772 : 33767205;
00000773 : 70326932;
00000774 : 697a5f31;
00000775 : 32727363;
00000776 : 08003070;
00000777 : 000b0a01;
00000778 : 00000000;
00000779 : 000025ac;
0000077a : 00000200;
0000077b : 00008000;
0000077c : ffffffff;
0000077d : 00000000;
0000077e : 3a434347;
0000077f : 50782820;
00000780 : 206b6361;
00000781 : 20554e47;
00000782 : 43534952;
00000783 : 4520562d;
00000784 : 6465626d;
00000785 : 20646564;
00000786 : 20434347;
00000787 : 5f363878;
00000788 : 20293436;
00000789 : 322e3531;
0000078a : 4100302e;
0000078b : 00000024;
0000078c : 63736972;
0000078d : 1a010076;
0000078e : 04000000;
0000078f : 76720510;
00000790 : 32693233;
00000791 : 7a5f3170;
00000792 : 72736369;
00000793 : 00307032;
00000794 : 00002441;
00000795 : 73697200;
00000796 : 01007663;
00000797 : 0000001a;
00000798 : 72051004;
00000799 : 69323376;
0000079a : 5f317032;
0000079b : 7363697a;
0000079c : 30703272;
0000079d : 00284100;
0000079e : 69720000;
0000079f : 00766373;
000007a0 : 00001e01;
000007a1 : 05100400;
000007a2 : 32337672;
000007a3 : 31703269;
000007a4 : 63697a5f;
000007a5 : 70327273;
000007a6 : 01080030;
000007a7 : 24410b0a;
000007a8 : 72000000;
000007a9 : 76637369;
000007aa : 001a0100;
000007ab : 10040000;
000007ac : 33767205;
000007ad : 70326932;
000007ae : 697a5f31;
000007af : 32727363;
000007b0 : 41003070;
000007b1 : 00000024;
000007b2 : 63736972;
000007b3 : 1a010076;
000007b4 : 04000000;
000007b5 : 76720510;
000007b6 : 32693233;
000007b7 : 7a5f3170;
000007b8 : 72736369;
000007b9 : 00307032;
000007ba : 00002641;
000007bb : 73697200;
000007bc : 01007663;
000007bd : 0000001c;
000007be : 33767205;
000007bf : 70326932;
000007c0 : 697a5f31;
000007c1 : 32727363;
000007c2 : 08003070;
000007c3 : 000b0a01;
000007c4 : 00000000;
000007c5 : 00000000;
000007c6 : 00000000;
000007c7 : 00000000;
000007c8 : 00000000;
000007c9 : 00000000;
000007ca : 00000000;
000007cb : 00000000;
000007cc : 00000000;
000007cd : 00000000;
000007ce : 00000000;
000007cf : 00000000;
000007d0 : 00000000;
000007d1 : 00000000;
000007d2 : 00000000;
000007d3 : 00000000;
000007d4 : 00000000;
000007d5 : 00000000;
000007d6 : 00000000;
000007d7 : 00000000;
000007d8 : 00000000;
000007d9 : 00000000;
000007da : 00000000;
000007db : 00000000;
000007dc : 00000000;
000007dd : 00000000;
000007de : 00000000;
000007df : 00000000;
000007e0 : 00000000;
000007e1 : 00000000;
000007e2 : 00000000;
000007e3 : 00000000;
000007e4 : 00000000;
000007e5 : 00000000;
000007e6 : 00000000;
000007e7 : 00000000;
000007e8 : 00000000;
000007e9 : 00000000;
000007ea : 00000000;
000007eb : 00000000;
000007ec : 00000000;
000007ed : 00000000;
000007ee : 00000000;
000007ef : 00000000;
000007f0 : 00000000;
000007f1 : 00000000;
000007f2 : 00000000;
000007f3 : 00000000;
000007f4 : 00000000;
000007f5 : 00000000;
000007f6 : 00000000;
000007f7 : 00000000;
000007f8 : 00000000;
000007f9 : 00000000;
000007fa : 00000000;
000007fb : 00000000;
000007fc : 00000000;
000007fd : 00000000;
000007fe : 00000000;
000007ff : 00000000;
00000800 : 00000000;
00000801 : 00000000;
00000802 : 00000000;
00000803 : 00000000;
00000804 : 00000000;
00000805 : 00000000;
00000806 : 00000000;
00000807 : 00000000;
00000808 : 00000000;
00000809 : 00000000;
0000080a : 00000000;
0000080b : 00000000;
0000080c : 00000000;
0000080d : 00000000;
0000080e : 00000000;
0000080f : 00000000;
00000810 : 00000000;
00000811 : 00000000;
00000812 : 00000000;
00000813 : 00000000;
00000814 : 00000000;
00000815 : 00000000;
00000816 : 00000000;
00000817 : 00000000;
00000818 : 00000000;
00000819 : 00000000;
0000081a : 00000000;
0000081b : 00000000;
0000081c : 00000000;
0000081d : 00000000;
0000081e : 00000000;
0000081f : 00000000;
00000820 : 00000000;
00000821 : 00000000;
00000822 : 00000000;
00000823 : 00000000;
00000824 : 00000000;
00000825 : 00000000;
00000826 : 00000000;
00000827 : 00000000;
00000828 : 00000000;
00000829 : 00000000;
0000082a : 00000000;
0000082b : 00000000;
0000082c : 00000000;
0000082d : 00000000;
0000082e : 00000000;
0000082f : 00000000;
00000830 : 00000000;
00000831 : 00000000;
00000832 : 00000000;
00000833 : 00000000;
00000834 : 00000000;
00000835 : 00000000;
00000836 : 00000000;
00000837 : 00000000;
00000838 : 00000000;
00000839 : 00000000;
0000083a : 00000000;
0000083b : 00000000;
0000083c : 00000000;
0000083d : 00000000;
0000083e : 00000000;
0000083f : 00000000;
00000840 : 00000000;
00000841 : 00000000;
00000842 : 00000000;
00000843 : 00000000;
00000844 : 00000000;
00000845 : 00000000;
00000846 : 00000000;
00000847 : 00000000;
00000848 : 00000000;
00000849 : 00000000;
0000084a : 00000000;
0000084b : 00000000;
0000084c : 00000000;
0000084d : 00000000;
0000084e : 00000000;
0000084f : 00000000;
00000850 : 00000000;
00000851 : 00000000;
00000852 : 00000000;
00000853 : 00000000;
00000854 : 00000000;
00000855 : 00000000;
00000856 : 00000000;
00000857 : 00000000;
00000858 : 00000000;
00000859 : 00000000;
0000085a : 00000000;
0000085b : 00000000;
0000085c : 00000000;
0000085d : 00000000;
0000085e : 00000000;
0000085f : 00000000;
00000860 : 00000000;
00000861 : 00000000;
00000862 : 00000000;
00000863 : 00000000;
00000864 : 00000000;
00000865 : 00000000;
00000866 : 00000000;
00000867 : 00000000;
00000868 : 00000000;
00000869 : 00000000;
0000086a : 00000000;
0000086b : 00000000;
0000086c : 00000000;
0000086d : 00000000;
0000086e : 00000000;
0000086f : 00000000;
00000870 : 00000000;
00000871 : 00000000;
00000872 : 00000000;
00000873 : 00000000;
00000874 : 00000000;
00000875 : 00000000;
00000876 : 00000000;
00000877 : 00000000;
00000878 : 00000000;
00000879 : 00000000;
0000087a : 00000000;
0000087b : 00000000;
0000087c : 00000000;
0000087d : 00000000;
0000087e : 00000000;
0000087f : 00000000;
00000880 : 00000000;
00000881 : 00000000;
00000882 : 00000000;
00000883 : 00000000;
00000884 : 00000000;
00000885 : 00000000;
00000886 : 00000000;
00000887 : 00000000;
00000888 : 00000000;
00000889 : 00000000;
0000088a : 00000000;
0000088b : 00000000;
0000088c : 00000000;
0000088d : 00000000;
0000088e : 00000000;
0000088f : 00000000;
00000890 : 00000000;
00000891 : 00000000;
00000892 : 00000000;
00000893 : 00000000;
00000894 : 00000000;
00000895 : 00000000;
00000896 : 00000000;
00000897 : 00000000;
00000898 : 00000000;
00000899 : 00000000;
0000089a : 00000000;
0000089b : 00000000;
0000089c : 00000000;
0000089d : 00000000;
0000089e : 00000000;
0000089f : 00000000;
000008a0 : 00000000;
000008a1 : 00000000;
000008a2 : 00000000;
000008a3 : 00000000;
000008a4 : 00000000;
000008a5 : 00000000;
000008a6 : 00000000;
000008a7 : 00000000;
000008a8 : 00000000;
000008a9 : 00000000;
000008aa : 00000000;
000008ab : 00000000;
000008ac : 00000000;
000008ad : 00000000;
000008ae : 00000000;
000008af : 00000000;
000008b0 : 00000000;
000008b1 : 00000000;
000008b2 : 00000000;
000008b3 : 00000000;
000008b4 : 00000000;
000008b5 : 00000000;
000008b6 : 00000000;
000008b7 : 00000000;
000008b8 : 00000000;
000008b9 : 00000000;
000008ba : 00000000;
000008bb : 00000000;
000008bc : 00000000;
000008bd : 00000000;
000008be : 00000000;
000008bf : 00000000;
000008c0 : 00000000;
000008c1 : 00000000;
000008c2 : 00000000;
000008c3 : 00000000;
000008c4 : 00000000;
000008c5 : 00000000;
000008c6 : 00000000;
000008c7 : 00000000;
000008c8 : 00000000;
000008c9 : 00000000;
000008ca : 00000000;
000008cb : 00000000;
000008cc : 00000000;
000008cd : 00000000;
000008ce : 00000000;
000008cf : 00000000;
000008d0 : 00000000;
000008d1 : 00000000;
000008d2 : 00000000;
000008d3 : 00000000;
000008d4 : 00000000;
000008d5 : 00000000;
000008d6 : 00000000;
000008d7 : 00000000;
000008d8 : 00000000;
000008d9 : 00000000;
000008da : 00000000;
000008db : 00000000;
000008dc : 00000000;
000008dd : 00000000;
000008de : 00000000;
000008df : 00000000;
000008e0 : 00000000;
000008e1 : 00000000;
000008e2 : 00000000;
000008e3 : 00000000;
000008e4 : 00000000;
000008e5 : 00000000;
000008e6 : 00000000;
000008e7 : 00000000;
000008e8 : 00000000;
000008e9 : 00000000;
000008ea : 00000000;
000008eb : 00000000;
000008ec : 00000000;
000008ed : 00000000;
000008ee : 00000000;
000008ef : 00000000;
000008f0 : 00000000;
000008f1 : 00000000;
000008f2 : 00000000;
000008f3 : 00000000;
000008f4 : 00000000;
000008f5 : 00000000;
000008f6 : 00000000;
000008f7 : 00000000;
000008f8 : 00000000;
000008f9 : 00000000;
000008fa : 00000000;
000008fb : 00000000;
000008fc : 00000000;
000008fd : 00000000;
000008fe : 00000000;
000008ff : 00000000;
00000900 : 00000000;
00000901 : 00000000;
00000902 : 00000000;
00000903 : 00000000;
00000904 : 00000000;
00000905 : 00000000;
00000906 : 00000000;
00000907 : 00000000;
00000908 : 00000000;
00000909 : 00000000;
0000090a : 00000000;
0000090b : 00000000;
0000090c : 00000000;
0000090d : 00000000;
0000090e : 00000000;
0000090f : 00000000;
00000910 : 00000000;
00000911 : 00000000;
00000912 : 00000000;
00000913 : 00000000;
00000914 : 00000000;
00000915 : 00000000;
00000916 : 00000000;
00000917 : 00000000;
00000918 : 00000000;
00000919 : 00000000;
0000091a : 00000000;
0000091b : 00000000;
0000091c : 00000000;
0000091d : 00000000;
0000091e : 00000000;
0000091f : 00000000;
00000920 : 00000000;
00000921 : 00000000;
00000922 : 00000000;
00000923 : 00000000;
00000924 : 00000000;
00000925 : 00000000;
00000926 : 00000000;
00000927 : 00000000;
00000928 : 00000000;
00000929 : 00000000;
0000092a : 00000000;
0000092b : 00000000;
0000092c : 00000000;
0000092d : 00000000;
0000092e : 00000000;
0000092f : 00000000;
00000930 : 00000000;
00000931 : 00000000;
00000932 : 00000000;
00000933 : 00000000;
00000934 : 00000000;
00000935 : 00000000;
00000936 : 00000000;
00000937 : 00000000;
00000938 : 00000000;
00000939 : 00000000;
0000093a : 00000000;
0000093b : 00000000;
0000093c : 00000000;
0000093d : 00000000;
0000093e : 00000000;
0000093f : 00000000;
00000940 : 00000000;
00000941 : 00000000;
00000942 : 00000000;
00000943 : 00000000;
00000944 : 00000000;
00000945 : 00000000;
00000946 : 00000000;
00000947 : 00000000;
00000948 : 00000000;
00000949 : 00000000;
0000094a : 00000000;
0000094b : 00000000;
0000094c : 00000000;
0000094d : 00000000;
0000094e : 00000000;
0000094f : 00000000;
00000950 : 00000000;
00000951 : 00000000;
00000952 : 00000000;
00000953 : 00000000;
00000954 : 00000000;
00000955 : 00000000;
00000956 : 00000000;
00000957 : 00000000;
00000958 : 00000000;
00000959 : 00000000;
0000095a : 00000000;
0000095b : 00000000;
0000095c : 00000000;
0000095d : 00000000;
0000095e : 00000000;
0000095f : 00000000;
00000960 : 00000000;
00000961 : 00000000;
00000962 : 00000000;
00000963 : 00000000;
00000964 : 00000000;
00000965 : 00000000;
00000966 : 00000000;
00000967 : 00000000;
00000968 : 00000000;
00000969 : 00000000;
0000096a : 00000000;
0000096b : 00000000;
0000096c : 00000000;
0000096d : 00000000;
0000096e : 00000000;
0000096f : 00000000;
00000970 : 00000000;
00000971 : 00000000;
00000972 : 00000000;
00000973 : 00000000;
00000974 : 00000000;
00000975 : 00000000;
00000976 : 00000000;
00000977 : 00000000;
00000978 : 00000000;
00000979 : 00000000;
0000097a : 00000000;
0000097b : 00000000;
0000097c : 00000000;
0000097d : 00000000;
0000097e : 00000000;
0000097f : 00000000;
00000980 : 00000000;
00000981 : 00000000;
00000982 : 00000000;
00000983 : 00000000;
00000984 : 00000000;
00000985 : 00000000;
00000986 : 00000000;
00000987 : 00000000;
00000988 : 00000000;
00000989 : 00000000;
0000098a : 00000000;
0000098b : 00000000;
0000098c : 00000000;
0000098d : 00000000;
0000098e : 00000000;
0000098f : 00000000;
00000990 : 00000000;
00000991 : 00000000;
00000992 : 00000000;
00000993 : 00000000;
00000994 : 00000000;
00000995 : 00000000;
00000996 : 00000000;
00000997 : 00000000;
00000998 : 00000000;
00000999 : 00000000;
0000099a : 00000000;
0000099b : 00000000;
0000099c : 00000000;
0000099d : 00000000;
0000099e : 00000000;
0000099f : 00000000;
000009a0 : 00000000;
000009a1 : 00000000;
000009a2 : 00000000;
000009a3 : 00000000;
000009a4 : 00000000;
000009a5 : 00000000;
000009a6 : 00000000;
000009a7 : 00000000;
000009a8 : 00000000;
000009a9 : 00000000;
000009aa : 00000000;
000009ab : 00000000;
000009ac : 00000000;
000009ad : 00000000;
000009ae : 00000000;
000009af : 00000000;
000009b0 : 00000000;
000009b1 : 00000000;
000009b2 : 00000000;
000009b3 : 00000000;
000009b4 : 00000000;
000009b5 : 00000000;
000009b6 : 00000000;
000009b7 : 00000000;
000009b8 : 00000000;
000009b9 : 00000000;
000009ba : 00000000;
000009bb : 00000000;
000009bc : 00000000;
000009bd : 00000000;
000009be : 00000000;
000009bf : 00000000;
000009c0 : 00000000;
000009c1 : 00000000;
000009c2 : 00000000;
000009c3 : 00000000;
000009c4 : 00000000;
000009c5 : 00000000;
000009c6 : 00000000;
000009c7 : 00000000;
000009c8 : 00000000;
000009c9 : 00000000;
000009ca : 00000000;
000009cb : 00000000;
000009cc : 00000000;
000009cd : 00000000;
000009ce : 00000000;
000009cf : 00000000;
000009d0 : 00000000;
000009d1 : 00000000;
000009d2 : 00000000;
000009d3 : 00000000;
000009d4 : 00000000;
000009d5 : 00000000;
000009d6 : 00000000;
000009d7 : 00000000;
000009d8 : 00000000;
000009d9 : 00000000;
000009da : 00000000;
000009db : 00000000;
000009dc : 00000000;
000009dd : 00000000;
000009de : 00000000;
000009df : 00000000;
000009e0 : 00000000;
000009e1 : 00000000;
000009e2 : 00000000;
000009e3 : 00000000;
000009e4 : 00000000;
000009e5 : 00000000;
000009e6 : 00000000;
000009e7 : 00000000;
000009e8 : 00000000;
000009e9 : 00000000;
000009ea : 00000000;
000009eb : 00000000;
000009ec : 00000000;
000009ed : 00000000;
000009ee : 00000000;
000009ef : 00000000;
000009f0 : 00000000;
000009f1 : 00000000;
000009f2 : 00000000;
000009f3 : 00000000;
000009f4 : 00000000;
000009f5 : 00000000;
000009f6 : 00000000;
000009f7 : 00000000;
000009f8 : 00000000;
000009f9 : 00000000;
000009fa : 00000000;
000009fb : 00000000;
000009fc : 00000000;
000009fd : 00000000;
000009fe : 00000000;
000009ff : 00000000;
00000a00 : 00000000;
00000a01 : 00000000;
00000a02 : 00000000;
00000a03 : 00000000;
00000a04 : 00000000;
00000a05 : 00000000;
00000a06 : 00000000;
00000a07 : 00000000;
00000a08 : 00000000;
00000a09 : 00000000;
00000a0a : 00000000;
00000a0b : 00000000;
00000a0c : 00000000;
00000a0d : 00000000;
00000a0e : 00000000;
00000a0f : 00000000;
00000a10 : 00000000;
00000a11 : 00000000;
00000a12 : 00000000;
00000a13 : 00000000;
00000a14 : 00000000;
00000a15 : 00000000;
00000a16 : 00000000;
00000a17 : 00000000;
00000a18 : 00000000;
00000a19 : 00000000;
00000a1a : 00000000;
00000a1b : 00000000;
00000a1c : 00000000;
00000a1d : 00000000;
00000a1e : 00000000;
00000a1f : 00000000;
00000a20 : 00000000;
00000a21 : 00000000;
00000a22 : 00000000;
00000a23 : 00000000;
00000a24 : 00000000;
00000a25 : 00000000;
00000a26 : 00000000;
00000a27 : 00000000;
00000a28 : 00000000;
00000a29 : 00000000;
00000a2a : 00000000;
00000a2b : 00000000;
00000a2c : 00000000;
00000a2d : 00000000;
00000a2e : 00000000;
00000a2f : 00000000;
00000a30 : 00000000;
00000a31 : 00000000;
00000a32 : 00000000;
00000a33 : 00000000;
00000a34 : 00000000;
00000a35 : 00000000;
00000a36 : 00000000;
00000a37 : 00000000;
00000a38 : 00000000;
00000a39 : 00000000;
00000a3a : 00000000;
00000a3b : 00000000;
00000a3c : 00000000;
00000a3d : 00000000;
00000a3e : 00000000;
00000a3f : 00000000;
00000a40 : 00000000;
00000a41 : 00000000;
00000a42 : 00000000;
00000a43 : 00000000;
00000a44 : 00000000;
00000a45 : 00000000;
00000a46 : 00000000;
00000a47 : 00000000;
00000a48 : 00000000;
00000a49 : 00000000;
00000a4a : 00000000;
00000a4b : 00000000;
00000a4c : 00000000;
00000a4d : 00000000;
00000a4e : 00000000;
00000a4f : 00000000;
00000a50 : 00000000;
00000a51 : 00000000;
00000a52 : 00000000;
00000a53 : 00000000;
00000a54 : 00000000;
00000a55 : 00000000;
00000a56 : 00000000;
00000a57 : 00000000;
00000a58 : 00000000;
00000a59 : 00000000;
00000a5a : 00000000;
00000a5b : 00000000;
00000a5c : 00000000;
00000a5d : 00000000;
00000a5e : 00000000;
00000a5f : 00000000;
00000a60 : 00000000;
00000a61 : 00000000;
00000a62 : 00000000;
00000a63 : 00000000;
00000a64 : 00000000;
00000a65 : 00000000;
00000a66 : 00000000;
00000a67 : 00000000;
00000a68 : 00000000;
00000a69 : 00000000;
00000a6a : 00000000;
00000a6b : 00000000;
00000a6c : 00000000;
00000a6d : 00000000;
00000a6e : 00000000;
00000a6f : 00000000;
00000a70 : 00000000;
00000a71 : 00000000;
00000a72 : 00000000;
00000a73 : 00000000;
00000a74 : 00000000;
00000a75 : 00000000;
00000a76 : 00000000;
00000a77 : 00000000;
00000a78 : 00000000;
00000a79 : 00000000;
00000a7a : 00000000;
00000a7b : 00000000;
00000a7c : 00000000;
00000a7d : 00000000;
00000a7e : 00000000;
00000a7f : 00000000;
00000a80 : 00000000;
00000a81 : 00000000;
00000a82 : 00000000;
00000a83 : 00000000;
00000a84 : 00000000;
00000a85 : 00000000;
00000a86 : 00000000;
00000a87 : 00000000;
00000a88 : 00000000;
00000a89 : 00000000;
00000a8a : 00000000;
00000a8b : 00000000;
00000a8c : 00000000;
00000a8d : 00000000;
00000a8e : 00000000;
00000a8f : 00000000;
00000a90 : 00000000;
00000a91 : 00000000;
00000a92 : 00000000;
00000a93 : 00000000;
00000a94 : 00000000;
00000a95 : 00000000;
00000a96 : 00000000;
00000a97 : 00000000;
00000a98 : 00000000;
00000a99 : 00000000;
00000a9a : 00000000;
00000a9b : 00000000;
00000a9c : 00000000;
00000a9d : 00000000;
00000a9e : 00000000;
00000a9f : 00000000;
00000aa0 : 00000000;
00000aa1 : 00000000;
00000aa2 : 00000000;
00000aa3 : 00000000;
00000aa4 : 00000000;
00000aa5 : 00000000;
00000aa6 : 00000000;
00000aa7 : 00000000;
00000aa8 : 00000000;
00000aa9 : 00000000;
00000aaa : 00000000;
00000aab : 00000000;
00000aac : 00000000;
00000aad : 00000000;
00000aae : 00000000;
00000aaf : 00000000;
00000ab0 : 00000000;
00000ab1 : 00000000;
00000ab2 : 00000000;
00000ab3 : 00000000;
00000ab4 : 00000000;
00000ab5 : 00000000;
00000ab6 : 00000000;
00000ab7 : 00000000;
00000ab8 : 00000000;
00000ab9 : 00000000;
00000aba : 00000000;
00000abb : 00000000;
00000abc : 00000000;
00000abd : 00000000;
00000abe : 00000000;
00000abf : 00000000;
00000ac0 : 00000000;
00000ac1 : 00000000;
00000ac2 : 00000000;
00000ac3 : 00000000;
00000ac4 : 00000000;
00000ac5 : 00000000;
00000ac6 : 00000000;
00000ac7 : 00000000;
00000ac8 : 00000000;
00000ac9 : 00000000;
00000aca : 00000000;
00000acb : 00000000;
00000acc : 00000000;
00000acd : 00000000;
00000ace : 00000000;
00000acf : 00000000;
00000ad0 : 00000000;
00000ad1 : 00000000;
00000ad2 : 00000000;
00000ad3 : 00000000;
00000ad4 : 00000000;
00000ad5 : 00000000;
00000ad6 : 00000000;
00000ad7 : 00000000;
00000ad8 : 00000000;
00000ad9 : 00000000;
00000ada : 00000000;
00000adb : 00000000;
00000adc : 00000000;
00000add : 00000000;
00000ade : 00000000;
00000adf : 00000000;
00000ae0 : 00000000;
00000ae1 : 00000000;
00000ae2 : 00000000;
00000ae3 : 00000000;
00000ae4 : 00000000;
00000ae5 : 00000000;
00000ae6 : 00000000;
00000ae7 : 00000000;
00000ae8 : 00000000;
00000ae9 : 00000000;
00000aea : 00000000;
00000aeb : 00000000;
00000aec : 00000000;
00000aed : 00000000;
00000aee : 00000000;
00000aef : 00000000;
00000af0 : 00000000;
00000af1 : 00000000;
00000af2 : 00000000;
00000af3 : 00000000;
00000af4 : 00000000;
00000af5 : 00000000;
00000af6 : 00000000;
00000af7 : 00000000;
00000af8 : 00000000;
00000af9 : 00000000;
00000afa : 00000000;
00000afb : 00000000;
00000afc : 00000000;
00000afd : 00000000;
00000afe : 00000000;
00000aff : 00000000;
00000b00 : 00000000;
00000b01 : 00000000;
00000b02 : 00000000;
00000b03 : 00000000;
00000b04 : 00000000;
00000b05 : 00000000;
00000b06 : 00000000;
00000b07 : 00000000;
00000b08 : 00000000;
00000b09 : 00000000;
00000b0a : 00000000;
00000b0b : 00000000;
00000b0c : 00000000;
00000b0d : 00000000;
00000b0e : 00000000;
00000b0f : 00000000;
00000b10 : 00000000;
00000b11 : 00000000;
00000b12 : 00000000;
00000b13 : 00000000;
00000b14 : 00000000;
00000b15 : 00000000;
00000b16 : 00000000;
00000b17 : 00000000;
00000b18 : 00000000;
00000b19 : 00000000;
00000b1a : 00000000;
00000b1b : 00000000;
00000b1c : 00000000;
00000b1d : 00000000;
00000b1e : 00000000;
00000b1f : 00000000;
00000b20 : 00000000;
00000b21 : 00000000;
00000b22 : 00000000;
00000b23 : 00000000;
00000b24 : 00000000;
00000b25 : 00000000;
00000b26 : 00000000;
00000b27 : 00000000;
00000b28 : 00000000;
00000b29 : 00000000;
00000b2a : 00000000;
00000b2b : 00000000;
00000b2c : 00000000;
00000b2d : 00000000;
00000b2e : 00000000;
00000b2f : 00000000;
00000b30 : 00000000;
00000b31 : 00000000;
00000b32 : 00000000;
00000b33 : 00000000;
00000b34 : 00000000;
00000b35 : 00000000;
00000b36 : 00000000;
00000b37 : 00000000;
00000b38 : 00000000;
00000b39 : 00000000;
00000b3a : 00000000;
00000b3b : 00000000;
00000b3c : 00000000;
00000b3d : 00000000;
00000b3e : 00000000;
00000b3f : 00000000;
00000b40 : 00000000;
00000b41 : 00000000;
00000b42 : 00000000;
00000b43 : 00000000;
00000b44 : 00000000;
00000b45 : 00000000;
00000b46 : 00000000;
00000b47 : 00000000;
00000b48 : 00000000;
00000b49 : 00000000;
00000b4a : 00000000;
00000b4b : 00000000;
00000b4c : 00000000;
00000b4d : 00000000;
00000b4e : 00000000;
00000b4f : 00000000;
00000b50 : 00000000;
00000b51 : 00000000;
00000b52 : 00000000;
00000b53 : 00000000;
00000b54 : 00000000;
00000b55 : 00000000;
00000b56 : 00000000;
00000b57 : 00000000;
00000b58 : 00000000;
00000b59 : 00000000;
00000b5a : 00000000;
00000b5b : 00000000;
00000b5c : 00000000;
00000b5d : 00000000;
00000b5e : 00000000;
00000b5f : 00000000;
00000b60 : 00000000;
00000b61 : 00000000;
00000b62 : 00000000;
00000b63 : 00000000;
00000b64 : 00000000;
00000b65 : 00000000;
00000b66 : 00000000;
00000b67 : 00000000;
00000b68 : 00000000;
00000b69 : 00000000;
00000b6a : 00000000;
00000b6b : 00000000;
00000b6c : 00000000;
00000b6d : 00000000;
00000b6e : 00000000;
00000b6f : 00000000;
00000b70 : 00000000;
00000b71 : 00000000;
00000b72 : 00000000;
00000b73 : 00000000;
00000b74 : 00000000;
00000b75 : 00000000;
00000b76 : 00000000;
00000b77 : 00000000;
00000b78 : 00000000;
00000b79 : 00000000;
00000b7a : 00000000;
00000b7b : 00000000;
00000b7c : 00000000;
00000b7d : 00000000;
00000b7e : 00000000;
00000b7f : 00000000;
00000b80 : 00000000;
00000b81 : 00000000;
00000b82 : 00000000;
00000b83 : 00000000;
00000b84 : 00000000;
00000b85 : 00000000;
00000b86 : 00000000;
00000b87 : 00000000;
00000b88 : 00000000;
00000b89 : 00000000;
00000b8a : 00000000;
00000b8b : 00000000;
00000b8c : 00000000;
00000b8d : 00000000;
00000b8e : 00000000;
00000b8f : 00000000;
00000b90 : 00000000;
00000b91 : 00000000;
00000b92 : 00000000;
00000b93 : 00000000;
00000b94 : 00000000;
00000b95 : 00000000;
00000b96 : 00000000;
00000b97 : 00000000;
00000b98 : 00000000;
00000b99 : 00000000;
00000b9a : 00000000;
00000b9b : 00000000;
00000b9c : 00000000;
00000b9d : 00000000;
00000b9e : 00000000;
00000b9f : 00000000;
00000ba0 : 00000000;
00000ba1 : 00000000;
00000ba2 : 00000000;
00000ba3 : 00000000;
00000ba4 : 00000000;
00000ba5 : 00000000;
00000ba6 : 00000000;
00000ba7 : 00000000;
00000ba8 : 00000000;
00000ba9 : 00000000;
00000baa : 00000000;
00000bab : 00000000;
00000bac : 00000000;
00000bad : 00000000;
00000bae : 00000000;
00000baf : 00000000;
00000bb0 : 00000000;
00000bb1 : 00000000;
00000bb2 : 00000000;
00000bb3 : 00000000;
00000bb4 : 00000000;
00000bb5 : 00000000;
00000bb6 : 00000000;
00000bb7 : 00000000;
00000bb8 : 00000000;
00000bb9 : 00000000;
00000bba : 00000000;
00000bbb : 00000000;
00000bbc : 00000000;
00000bbd : 00000000;
00000bbe : 00000000;
00000bbf : 00000000;
00000bc0 : 00000000;
00000bc1 : 00000000;
00000bc2 : 00000000;
00000bc3 : 00000000;
00000bc4 : 00000000;
00000bc5 : 00000000;
00000bc6 : 00000000;
00000bc7 : 00000000;
00000bc8 : 00000000;
00000bc9 : 00000000;
00000bca : 00000000;
00000bcb : 00000000;
00000bcc : 00000000;
00000bcd : 00000000;
00000bce : 00000000;
00000bcf : 00000000;
00000bd0 : 00000000;
00000bd1 : 00000000;
00000bd2 : 00000000;
00000bd3 : 00000000;
00000bd4 : 00000000;
00000bd5 : 00000000;
00000bd6 : 00000000;
00000bd7 : 00000000;
00000bd8 : 00000000;
00000bd9 : 00000000;
00000bda : 00000000;
00000bdb : 00000000;
00000bdc : 00000000;
00000bdd : 00000000;
00000bde : 00000000;
00000bdf : 00000000;
00000be0 : 00000000;
00000be1 : 00000000;
00000be2 : 00000000;
00000be3 : 00000000;
00000be4 : 00000000;
00000be5 : 00000000;
00000be6 : 00000000;
00000be7 : 00000000;
00000be8 : 00000000;
00000be9 : 00000000;
00000bea : 00000000;
00000beb : 00000000;
00000bec : 00000000;
00000bed : 00000000;
00000bee : 00000000;
00000bef : 00000000;
00000bf0 : 00000000;
00000bf1 : 00000000;
00000bf2 : 00000000;
00000bf3 : 00000000;
00000bf4 : 00000000;
00000bf5 : 00000000;
00000bf6 : 00000000;
00000bf7 : 00000000;
00000bf8 : 00000000;
00000bf9 : 00000000;
00000bfa : 00000000;
00000bfb : 00000000;
00000bfc : 00000000;
00000bfd : 00000000;
00000bfe : 00000000;
00000bff : 00000000;
00000c00 : 00000000;
00000c01 : 00000000;
00000c02 : 00000000;
00000c03 : 00000000;
00000c04 : 00000000;
00000c05 : 00000000;
00000c06 : 00000000;
00000c07 : 00000000;
00000c08 : 00000000;
00000c09 : 00000000;
00000c0a : 00000000;
00000c0b : 00000000;
00000c0c : 00000000;
00000c0d : 00000000;
00000c0e : 00000000;
00000c0f : 00000000;
00000c10 : 00000000;
00000c11 : 00000000;
00000c12 : 00000000;
00000c13 : 00000000;
00000c14 : 00000000;
00000c15 : 00000000;
00000c16 : 00000000;
00000c17 : 00000000;
00000c18 : 00000000;
00000c19 : 00000000;
00000c1a : 00000000;
00000c1b : 00000000;
00000c1c : 00000000;
00000c1d : 00000000;
00000c1e : 00000000;
00000c1f : 00000000;
00000c20 : 00000000;
00000c21 : 00000000;
00000c22 : 00000000;
00000c23 : 00000000;
00000c24 : 00000000;
00000c25 : 00000000;
00000c26 : 00000000;
00000c27 : 00000000;
00000c28 : 00000000;
00000c29 : 00000000;
00000c2a : 00000000;
00000c2b : 00000000;
00000c2c : 00000000;
00000c2d : 00000000;
00000c2e : 00000000;
00000c2f : 00000000;
00000c30 : 00000000;
00000c31 : 00000000;
00000c32 : 00000000;
00000c33 : 00000000;
00000c34 : 00000000;
00000c35 : 00000000;
00000c36 : 00000000;
00000c37 : 00000000;
00000c38 : 00000000;
00000c39 : 00000000;
00000c3a : 00000000;
00000c3b : 00000000;
00000c3c : 00000000;
00000c3d : 00000000;
00000c3e : 00000000;
00000c3f : 00000000;
00000c40 : 00000000;
00000c41 : 00000000;
00000c42 : 00000000;
00000c43 : 00000000;
00000c44 : 00000000;
00000c45 : 00000000;
00000c46 : 00000000;
00000c47 : 00000000;
00000c48 : 00000000;
00000c49 : 00000000;
00000c4a : 00000000;
00000c4b : 00000000;
00000c4c : 00000000;
00000c4d : 00000000;
00000c4e : 00000000;
00000c4f : 00000000;
00000c50 : 00000000;
00000c51 : 00000000;
00000c52 : 00000000;
00000c53 : 00000000;
00000c54 : 00000000;
00000c55 : 00000000;
00000c56 : 00000000;
00000c57 : 00000000;
00000c58 : 00000000;
00000c59 : 00000000;
00000c5a : 00000000;
00000c5b : 00000000;
00000c5c : 00000000;
00000c5d : 00000000;
00000c5e : 00000000;
00000c5f : 00000000;
00000c60 : 00000000;
00000c61 : 00000000;
00000c62 : 00000000;
00000c63 : 00000000;
00000c64 : 00000000;
00000c65 : 00000000;
00000c66 : 00000000;
00000c67 : 00000000;
00000c68 : 00000000;
00000c69 : 00000000;
00000c6a : 00000000;
00000c6b : 00000000;
00000c6c : 00000000;
00000c6d : 00000000;
00000c6e : 00000000;
00000c6f : 00000000;
00000c70 : 00000000;
00000c71 : 00000000;
00000c72 : 00000000;
00000c73 : 00000000;
00000c74 : 00000000;
00000c75 : 00000000;
00000c76 : 00000000;
00000c77 : 00000000;
00000c78 : 00000000;
00000c79 : 00000000;
00000c7a : 00000000;
00000c7b : 00000000;
00000c7c : 00000000;
00000c7d : 00000000;
00000c7e : 00000000;
00000c7f : 00000000;
00000c80 : 00000000;
00000c81 : 00000000;
00000c82 : 00000000;
00000c83 : 00000000;
00000c84 : 00000000;
00000c85 : 00000000;
00000c86 : 00000000;
00000c87 : 00000000;
00000c88 : 00000000;
00000c89 : 00000000;
00000c8a : 00000000;
00000c8b : 00000000;
00000c8c : 00000000;
00000c8d : 00000000;
00000c8e : 00000000;
00000c8f : 00000000;
00000c90 : 00000000;
00000c91 : 00000000;
00000c92 : 00000000;
00000c93 : 00000000;
00000c94 : 00000000;
00000c95 : 00000000;
00000c96 : 00000000;
00000c97 : 00000000;
00000c98 : 00000000;
00000c99 : 00000000;
00000c9a : 00000000;
00000c9b : 00000000;
00000c9c : 00000000;
00000c9d : 00000000;
00000c9e : 00000000;
00000c9f : 00000000;
00000ca0 : 00000000;
00000ca1 : 00000000;
00000ca2 : 00000000;
00000ca3 : 00000000;
00000ca4 : 00000000;
00000ca5 : 00000000;
00000ca6 : 00000000;
00000ca7 : 00000000;
00000ca8 : 00000000;
00000ca9 : 00000000;
00000caa : 00000000;
00000cab : 00000000;
00000cac : 00000000;
00000cad : 00000000;
00000cae : 00000000;
00000caf : 00000000;
00000cb0 : 00000000;
00000cb1 : 00000000;
00000cb2 : 00000000;
00000cb3 : 00000000;
00000cb4 : 00000000;
00000cb5 : 00000000;
00000cb6 : 00000000;
00000cb7 : 00000000;
00000cb8 : 00000000;
00000cb9 : 00000000;
00000cba : 00000000;
00000cbb : 00000000;
00000cbc : 00000000;
00000cbd : 00000000;
00000cbe : 00000000;
00000cbf : 00000000;
00000cc0 : 00000000;
00000cc1 : 00000000;
00000cc2 : 00000000;
00000cc3 : 00000000;
00000cc4 : 00000000;
00000cc5 : 00000000;
00000cc6 : 00000000;
00000cc7 : 00000000;
00000cc8 : 00000000;
00000cc9 : 00000000;
00000cca : 00000000;
00000ccb : 00000000;
00000ccc : 00000000;
00000ccd : 00000000;
00000cce : 00000000;
00000ccf : 00000000;
00000cd0 : 00000000;
00000cd1 : 00000000;
00000cd2 : 00000000;
00000cd3 : 00000000;
00000cd4 : 00000000;
00000cd5 : 00000000;
00000cd6 : 00000000;
00000cd7 : 00000000;
00000cd8 : 00000000;
00000cd9 : 00000000;
00000cda : 00000000;
00000cdb : 00000000;
00000cdc : 00000000;
00000cdd : 00000000;
00000cde : 00000000;
00000cdf : 00000000;
00000ce0 : 00000000;
00000ce1 : 00000000;
00000ce2 : 00000000;
00000ce3 : 00000000;
00000ce4 : 00000000;
00000ce5 : 00000000;
00000ce6 : 00000000;
00000ce7 : 00000000;
00000ce8 : 00000000;
00000ce9 : 00000000;
00000cea : 00000000;
00000ceb : 00000000;
00000cec : 00000000;
00000ced : 00000000;
00000cee : 00000000;
00000cef : 00000000;
00000cf0 : 00000000;
00000cf1 : 00000000;
00000cf2 : 00000000;
00000cf3 : 00000000;
00000cf4 : 00000000;
00000cf5 : 00000000;
00000cf6 : 00000000;
00000cf7 : 00000000;
00000cf8 : 00000000;
00000cf9 : 00000000;
00000cfa : 00000000;
00000cfb : 00000000;
00000cfc : 00000000;
00000cfd : 00000000;
00000cfe : 00000000;
00000cff : 00000000;
00000d00 : 00000000;
00000d01 : 00000000;
00000d02 : 00000000;
00000d03 : 00000000;
00000d04 : 00000000;
00000d05 : 00000000;
00000d06 : 00000000;
00000d07 : 00000000;
00000d08 : 00000000;
00000d09 : 00000000;
00000d0a : 00000000;
00000d0b : 00000000;
00000d0c : 00000000;
00000d0d : 00000000;
00000d0e : 00000000;
00000d0f : 00000000;
00000d10 : 00000000;
00000d11 : 00000000;
00000d12 : 00000000;
00000d13 : 00000000;
00000d14 : 00000000;
00000d15 : 00000000;
00000d16 : 00000000;
00000d17 : 00000000;
00000d18 : 00000000;
00000d19 : 00000000;
00000d1a : 00000000;
00000d1b : 00000000;
00000d1c : 00000000;
00000d1d : 00000000;
00000d1e : 00000000;
00000d1f : 00000000;
00000d20 : 00000000;
00000d21 : 00000000;
00000d22 : 00000000;
00000d23 : 00000000;
00000d24 : 00000000;
00000d25 : 00000000;
00000d26 : 00000000;
00000d27 : 00000000;
00000d28 : 00000000;
00000d29 : 00000000;
00000d2a : 00000000;
00000d2b : 00000000;
00000d2c : 00000000;
00000d2d : 00000000;
00000d2e : 00000000;
00000d2f : 00000000;
00000d30 : 00000000;
00000d31 : 00000000;
00000d32 : 00000000;
00000d33 : 00000000;
00000d34 : 00000000;
00000d35 : 00000000;
00000d36 : 00000000;
00000d37 : 00000000;
00000d38 : 00000000;
00000d39 : 00000000;
00000d3a : 00000000;
00000d3b : 00000000;
00000d3c : 00000000;
00000d3d : 00000000;
00000d3e : 00000000;
00000d3f : 00000000;
00000d40 : 00000000;
00000d41 : 00000000;
00000d42 : 00000000;
00000d43 : 00000000;
00000d44 : 00000000;
00000d45 : 00000000;
00000d46 : 00000000;
00000d47 : 00000000;
00000d48 : 00000000;
00000d49 : 00000000;
00000d4a : 00000000;
00000d4b : 00000000;
00000d4c : 00000000;
00000d4d : 00000000;
00000d4e : 00000000;
00000d4f : 00000000;
00000d50 : 00000000;
00000d51 : 00000000;
00000d52 : 00000000;
00000d53 : 00000000;
00000d54 : 00000000;
00000d55 : 00000000;
00000d56 : 00000000;
00000d57 : 00000000;
00000d58 : 00000000;
00000d59 : 00000000;
00000d5a : 00000000;
00000d5b : 00000000;
00000d5c : 00000000;
00000d5d : 00000000;
00000d5e : 00000000;
00000d5f : 00000000;
00000d60 : 00000000;
00000d61 : 00000000;
00000d62 : 00000000;
00000d63 : 00000000;
00000d64 : 00000000;
00000d65 : 00000000;
00000d66 : 00000000;
00000d67 : 00000000;
00000d68 : 00000000;
00000d69 : 00000000;
00000d6a : 00000000;
00000d6b : 00000000;
00000d6c : 00000000;
00000d6d : 00000000;
00000d6e : 00000000;
00000d6f : 00000000;
00000d70 : 00000000;
00000d71 : 00000000;
00000d72 : 00000000;
00000d73 : 00000000;
00000d74 : 00000000;
00000d75 : 00000000;
00000d76 : 00000000;
00000d77 : 00000000;
00000d78 : 00000000;
00000d79 : 00000000;
00000d7a : 00000000;
00000d7b : 00000000;
00000d7c : 00000000;
00000d7d : 00000000;
00000d7e : 00000000;
00000d7f : 00000000;
00000d80 : 00000000;
00000d81 : 00000000;
00000d82 : 00000000;
00000d83 : 00000000;
00000d84 : 00000000;
00000d85 : 00000000;
00000d86 : 00000000;
00000d87 : 00000000;
00000d88 : 00000000;
00000d89 : 00000000;
00000d8a : 00000000;
00000d8b : 00000000;
00000d8c : 00000000;
00000d8d : 00000000;
00000d8e : 00000000;
00000d8f : 00000000;
00000d90 : 00000000;
00000d91 : 00000000;
00000d92 : 00000000;
00000d93 : 00000000;
00000d94 : 00000000;
00000d95 : 00000000;
00000d96 : 00000000;
00000d97 : 00000000;
00000d98 : 00000000;
00000d99 : 00000000;
00000d9a : 00000000;
00000d9b : 00000000;
00000d9c : 00000000;
00000d9d : 00000000;
00000d9e : 00000000;
00000d9f : 00000000;
00000da0 : 00000000;
00000da1 : 00000000;
00000da2 : 00000000;
00000da3 : 00000000;
00000da4 : 00000000;
00000da5 : 00000000;
00000da6 : 00000000;
00000da7 : 00000000;
00000da8 : 00000000;
00000da9 : 00000000;
00000daa : 00000000;
00000dab : 00000000;
00000dac : 00000000;
00000dad : 00000000;
00000dae : 00000000;
00000daf : 00000000;
00000db0 : 00000000;
00000db1 : 00000000;
00000db2 : 00000000;
00000db3 : 00000000;
00000db4 : 00000000;
00000db5 : 00000000;
00000db6 : 00000000;
00000db7 : 00000000;
00000db8 : 00000000;
00000db9 : 00000000;
00000dba : 00000000;
00000dbb : 00000000;
00000dbc : 00000000;
00000dbd : 00000000;
00000dbe : 00000000;
00000dbf : 00000000;
00000dc0 : 00000000;
00000dc1 : 00000000;
00000dc2 : 00000000;
00000dc3 : 00000000;
00000dc4 : 00000000;
00000dc5 : 00000000;
00000dc6 : 00000000;
00000dc7 : 00000000;
00000dc8 : 00000000;
00000dc9 : 00000000;
00000dca : 00000000;
00000dcb : 00000000;
00000dcc : 00000000;
00000dcd : 00000000;
00000dce : 00000000;
00000dcf : 00000000;
00000dd0 : 00000000;
00000dd1 : 00000000;
00000dd2 : 00000000;
00000dd3 : 00000000;
00000dd4 : 00000000;
00000dd5 : 00000000;
00000dd6 : 00000000;
00000dd7 : 00000000;
00000dd8 : 00000000;
00000dd9 : 00000000;
00000dda : 00000000;
00000ddb : 00000000;
00000ddc : 00000000;
00000ddd : 00000000;
00000dde : 00000000;
00000ddf : 00000000;
00000de0 : 00000000;
00000de1 : 00000000;
00000de2 : 00000000;
00000de3 : 00000000;
00000de4 : 00000000;
00000de5 : 00000000;
00000de6 : 00000000;
00000de7 : 00000000;
00000de8 : 00000000;
00000de9 : 00000000;
00000dea : 00000000;
00000deb : 00000000;
00000dec : 00000000;
00000ded : 00000000;
00000dee : 00000000;
00000def : 00000000;
00000df0 : 00000000;
00000df1 : 00000000;
00000df2 : 00000000;
00000df3 : 00000000;
00000df4 : 00000000;
00000df5 : 00000000;
00000df6 : 00000000;
00000df7 : 00000000;
00000df8 : 00000000;
00000df9 : 00000000;
00000dfa : 00000000;
00000dfb : 00000000;
00000dfc : 00000000;
00000dfd : 00000000;
00000dfe : 00000000;
00000dff : 00000000;
00000e00 : 00000000;
00000e01 : 00000000;
00000e02 : 00000000;
00000e03 : 00000000;
00000e04 : 00000000;
00000e05 : 00000000;
00000e06 : 00000000;
00000e07 : 00000000;
00000e08 : 00000000;
00000e09 : 00000000;
00000e0a : 00000000;
00000e0b : 00000000;
00000e0c : 00000000;
00000e0d : 00000000;
00000e0e : 00000000;
00000e0f : 00000000;
00000e10 : 00000000;
00000e11 : 00000000;
00000e12 : 00000000;
00000e13 : 00000000;
00000e14 : 00000000;
00000e15 : 00000000;
00000e16 : 00000000;
00000e17 : 00000000;
00000e18 : 00000000;
00000e19 : 00000000;
00000e1a : 00000000;
00000e1b : 00000000;
00000e1c : 00000000;
00000e1d : 00000000;
00000e1e : 00000000;
00000e1f : 00000000;
00000e20 : 00000000;
00000e21 : 00000000;
00000e22 : 00000000;
00000e23 : 00000000;
00000e24 : 00000000;
00000e25 : 00000000;
00000e26 : 00000000;
00000e27 : 00000000;
00000e28 : 00000000;
00000e29 : 00000000;
00000e2a : 00000000;
00000e2b : 00000000;
00000e2c : 00000000;
00000e2d : 00000000;
00000e2e : 00000000;
00000e2f : 00000000;
00000e30 : 00000000;
00000e31 : 00000000;
00000e32 : 00000000;
00000e33 : 00000000;
00000e34 : 00000000;
00000e35 : 00000000;
00000e36 : 00000000;
00000e37 : 00000000;
00000e38 : 00000000;
00000e39 : 00000000;
00000e3a : 00000000;
00000e3b : 00000000;
00000e3c : 00000000;
00000e3d : 00000000;
00000e3e : 00000000;
00000e3f : 00000000;
00000e40 : 00000000;
00000e41 : 00000000;
00000e42 : 00000000;
00000e43 : 00000000;
00000e44 : 00000000;
00000e45 : 00000000;
00000e46 : 00000000;
00000e47 : 00000000;
00000e48 : 00000000;
00000e49 : 00000000;
00000e4a : 00000000;
00000e4b : 00000000;
00000e4c : 00000000;
00000e4d : 00000000;
00000e4e : 00000000;
00000e4f : 00000000;
00000e50 : 00000000;
00000e51 : 00000000;
00000e52 : 00000000;
00000e53 : 00000000;
00000e54 : 00000000;
00000e55 : 00000000;
00000e56 : 00000000;
00000e57 : 00000000;
00000e58 : 00000000;
00000e59 : 00000000;
00000e5a : 00000000;
00000e5b : 00000000;
00000e5c : 00000000;
00000e5d : 00000000;
00000e5e : 00000000;
00000e5f : 00000000;
00000e60 : 00000000;
00000e61 : 00000000;
00000e62 : 00000000;
00000e63 : 00000000;
00000e64 : 00000000;
00000e65 : 00000000;
00000e66 : 00000000;
00000e67 : 00000000;
00000e68 : 00000000;
00000e69 : 00000000;
00000e6a : 00000000;
00000e6b : 00000000;
00000e6c : 00000000;
00000e6d : 00000000;
00000e6e : 00000000;
00000e6f : 00000000;
00000e70 : 00000000;
00000e71 : 00000000;
00000e72 : 00000000;
00000e73 : 00000000;
00000e74 : 00000000;
00000e75 : 00000000;
00000e76 : 00000000;
00000e77 : 00000000;
00000e78 : 00000000;
00000e79 : 00000000;
00000e7a : 00000000;
00000e7b : 00000000;
00000e7c : 00000000;
00000e7d : 00000000;
00000e7e : 00000000;
00000e7f : 00000000;
00000e80 : 00000000;
00000e81 : 00000000;
00000e82 : 00000000;
00000e83 : 00000000;
00000e84 : 00000000;
00000e85 : 00000000;
00000e86 : 00000000;
00000e87 : 00000000;
00000e88 : 00000000;
00000e89 : 00000000;
00000e8a : 00000000;
00000e8b : 00000000;
00000e8c : 00000000;
00000e8d : 00000000;
00000e8e : 00000000;
00000e8f : 00000000;
00000e90 : 00000000;
00000e91 : 00000000;
00000e92 : 00000000;
00000e93 : 00000000;
00000e94 : 00000000;
00000e95 : 00000000;
00000e96 : 00000000;
00000e97 : 00000000;
00000e98 : 00000000;
00000e99 : 00000000;
00000e9a : 00000000;
00000e9b : 00000000;
00000e9c : 00000000;
00000e9d : 00000000;
00000e9e : 00000000;
00000e9f : 00000000;
00000ea0 : 00000000;
00000ea1 : 00000000;
00000ea2 : 00000000;
00000ea3 : 00000000;
00000ea4 : 00000000;
00000ea5 : 00000000;
00000ea6 : 00000000;
00000ea7 : 00000000;
00000ea8 : 00000000;
00000ea9 : 00000000;
00000eaa : 00000000;
00000eab : 00000000;
00000eac : 00000000;
00000ead : 00000000;
00000eae : 00000000;
00000eaf : 00000000;
00000eb0 : 00000000;
00000eb1 : 00000000;
00000eb2 : 00000000;
00000eb3 : 00000000;
00000eb4 : 00000000;
00000eb5 : 00000000;
00000eb6 : 00000000;
00000eb7 : 00000000;
00000eb8 : 00000000;
00000eb9 : 00000000;
00000eba : 00000000;
00000ebb : 00000000;
00000ebc : 00000000;
00000ebd : 00000000;
00000ebe : 00000000;
00000ebf : 00000000;
00000ec0 : 00000000;
00000ec1 : 00000000;
00000ec2 : 00000000;
00000ec3 : 00000000;
00000ec4 : 00000000;
00000ec5 : 00000000;
00000ec6 : 00000000;
00000ec7 : 00000000;
00000ec8 : 00000000;
00000ec9 : 00000000;
00000eca : 00000000;
00000ecb : 00000000;
00000ecc : 00000000;
00000ecd : 00000000;
00000ece : 00000000;
00000ecf : 00000000;
00000ed0 : 00000000;
00000ed1 : 00000000;
00000ed2 : 00000000;
00000ed3 : 00000000;
00000ed4 : 00000000;
00000ed5 : 00000000;
00000ed6 : 00000000;
00000ed7 : 00000000;
00000ed8 : 00000000;
00000ed9 : 00000000;
00000eda : 00000000;
00000edb : 00000000;
00000edc : 00000000;
00000edd : 00000000;
00000ede : 00000000;
00000edf : 00000000;
00000ee0 : 00000000;
00000ee1 : 00000000;
00000ee2 : 00000000;
00000ee3 : 00000000;
00000ee4 : 00000000;
00000ee5 : 00000000;
00000ee6 : 00000000;
00000ee7 : 00000000;
00000ee8 : 00000000;
00000ee9 : 00000000;
00000eea : 00000000;
00000eeb : 00000000;
00000eec : 00000000;
00000eed : 00000000;
00000eee : 00000000;
00000eef : 00000000;
00000ef0 : 00000000;
00000ef1 : 00000000;
00000ef2 : 00000000;
00000ef3 : 00000000;
00000ef4 : 00000000;
00000ef5 : 00000000;
00000ef6 : 00000000;
00000ef7 : 00000000;
00000ef8 : 00000000;
00000ef9 : 00000000;
00000efa : 00000000;
00000efb : 00000000;
00000efc : 00000000;
00000efd : 00000000;
00000efe : 00000000;
00000eff : 00000000;
00000f00 : 00000000;
00000f01 : 00000000;
00000f02 : 00000000;
00000f03 : 00000000;
00000f04 : 00000000;
00000f05 : 00000000;
00000f06 : 00000000;
00000f07 : 00000000;
00000f08 : 00000000;
00000f09 : 00000000;
00000f0a : 00000000;
00000f0b : 00000000;
00000f0c : 00000000;
00000f0d : 00000000;
00000f0e : 00000000;
00000f0f : 00000000;
00000f10 : 00000000;
00000f11 : 00000000;
00000f12 : 00000000;
00000f13 : 00000000;
00000f14 : 00000000;
00000f15 : 00000000;
00000f16 : 00000000;
00000f17 : 00000000;
00000f18 : 00000000;
00000f19 : 00000000;
00000f1a : 00000000;
00000f1b : 00000000;
00000f1c : 00000000;
00000f1d : 00000000;
00000f1e : 00000000;
00000f1f : 00000000;
00000f20 : 00000000;
00000f21 : 00000000;
00000f22 : 00000000;
00000f23 : 00000000;
00000f24 : 00000000;
00000f25 : 00000000;
00000f26 : 00000000;
00000f27 : 00000000;
00000f28 : 00000000;
00000f29 : 00000000;
00000f2a : 00000000;
00000f2b : 00000000;
00000f2c : 00000000;
00000f2d : 00000000;
00000f2e : 00000000;
00000f2f : 00000000;
00000f30 : 00000000;
00000f31 : 00000000;
00000f32 : 00000000;
00000f33 : 00000000;
00000f34 : 00000000;
00000f35 : 00000000;
00000f36 : 00000000;
00000f37 : 00000000;
00000f38 : 00000000;
00000f39 : 00000000;
00000f3a : 00000000;
00000f3b : 00000000;
00000f3c : 00000000;
00000f3d : 00000000;
00000f3e : 00000000;
00000f3f : 00000000;
00000f40 : 00000000;
00000f41 : 00000000;
00000f42 : 00000000;
00000f43 : 00000000;
00000f44 : 00000000;
00000f45 : 00000000;
00000f46 : 00000000;
00000f47 : 00000000;
00000f48 : 00000000;
00000f49 : 00000000;
00000f4a : 00000000;
00000f4b : 00000000;
00000f4c : 00000000;
00000f4d : 00000000;
00000f4e : 00000000;
00000f4f : 00000000;
00000f50 : 00000000;
00000f51 : 00000000;
00000f52 : 00000000;
00000f53 : 00000000;
00000f54 : 00000000;
00000f55 : 00000000;
00000f56 : 00000000;
00000f57 : 00000000;
00000f58 : 00000000;
00000f59 : 00000000;
00000f5a : 00000000;
00000f5b : 00000000;
00000f5c : 00000000;
00000f5d : 00000000;
00000f5e : 00000000;
00000f5f : 00000000;
00000f60 : 00000000;
00000f61 : 00000000;
00000f62 : 00000000;
00000f63 : 00000000;
00000f64 : 00000000;
00000f65 : 00000000;
00000f66 : 00000000;
00000f67 : 00000000;
00000f68 : 00000000;
00000f69 : 00000000;
00000f6a : 00000000;
00000f6b : 00000000;
00000f6c : 00000000;
00000f6d : 00000000;
00000f6e : 00000000;
00000f6f : 00000000;
00000f70 : 00000000;
00000f71 : 00000000;
00000f72 : 00000000;
00000f73 : 00000000;
00000f74 : 00000000;
00000f75 : 00000000;
00000f76 : 00000000;
00000f77 : 00000000;
00000f78 : 00000000;
00000f79 : 00000000;
00000f7a : 00000000;
00000f7b : 00000000;
00000f7c : 00000000;
00000f7d : 00000000;
00000f7e : 00000000;
00000f7f : 00000000;
00000f80 : 00000000;
00000f81 : 00000000;
00000f82 : 00000000;
00000f83 : 00000000;
00000f84 : 00000000;
00000f85 : 00000000;
00000f86 : 00000000;
00000f87 : 00000000;
00000f88 : 00000000;
00000f89 : 00000000;
00000f8a : 00000000;
00000f8b : 00000000;
00000f8c : 00000000;
00000f8d : 00000000;
00000f8e : 00000000;
00000f8f : 00000000;
00000f90 : 00000000;
00000f91 : 00000000;
00000f92 : 00000000;
00000f93 : 00000000;
00000f94 : 00000000;
00000f95 : 00000000;
00000f96 : 00000000;
00000f97 : 00000000;
00000f98 : 00000000;
00000f99 : 00000000;
00000f9a : 00000000;
00000f9b : 00000000;
00000f9c : 00000000;
00000f9d : 00000000;
00000f9e : 00000000;
00000f9f : 00000000;
00000fa0 : 00000000;
00000fa1 : 00000000;
00000fa2 : 00000000;
00000fa3 : 00000000;
00000fa4 : 00000000;
00000fa5 : 00000000;
00000fa6 : 00000000;
00000fa7 : 00000000;
00000fa8 : 00000000;
00000fa9 : 00000000;
00000faa : 00000000;
00000fab : 00000000;
00000fac : 00000000;
00000fad : 00000000;
00000fae : 00000000;
00000faf : 00000000;
00000fb0 : 00000000;
00000fb1 : 00000000;
00000fb2 : 00000000;
00000fb3 : 00000000;
00000fb4 : 00000000;
00000fb5 : 00000000;
00000fb6 : 00000000;
00000fb7 : 00000000;
00000fb8 : 00000000;
00000fb9 : 00000000;
00000fba : 00000000;
00000fbb : 00000000;
00000fbc : 00000000;
00000fbd : 00000000;
00000fbe : 00000000;
00000fbf : 00000000;
00000fc0 : 00000000;
00000fc1 : 00000000;
00000fc2 : 00000000;
00000fc3 : 00000000;
00000fc4 : 00000000;
00000fc5 : 00000000;
00000fc6 : 00000000;
00000fc7 : 00000000;
00000fc8 : 00000000;
00000fc9 : 00000000;
00000fca : 00000000;
00000fcb : 00000000;
00000fcc : 00000000;
00000fcd : 00000000;
00000fce : 00000000;
00000fcf : 00000000;
00000fd0 : 00000000;
00000fd1 : 00000000;
00000fd2 : 00000000;
00000fd3 : 00000000;
00000fd4 : 00000000;
00000fd5 : 00000000;
00000fd6 : 00000000;
00000fd7 : 00000000;
00000fd8 : 00000000;
00000fd9 : 00000000;
00000fda : 00000000;
00000fdb : 00000000;
00000fdc : 00000000;
00000fdd : 00000000;
00000fde : 00000000;
00000fdf : 00000000;
00000fe0 : 00000000;
00000fe1 : 00000000;
00000fe2 : 00000000;
00000fe3 : 00000000;
00000fe4 : 00000000;
00000fe5 : 00000000;
00000fe6 : 00000000;
00000fe7 : 00000000;
00000fe8 : 00000000;
00000fe9 : 00000000;
00000fea : 00000000;
00000feb : 00000000;
00000fec : 00000000;
00000fed : 00000000;
00000fee : 00000000;
00000fef : 00000000;
00000ff0 : 00000000;
00000ff1 : 00000000;
00000ff2 : 00000000;
00000ff3 : 00000000;
00000ff4 : 00000000;
00000ff5 : 00000000;
00000ff6 : 00000000;
00000ff7 : 00000000;
00000ff8 : 00000000;
00000ff9 : 00000000;
00000ffa : 00000000;
00000ffb : 00000000;
00000ffc : 00000000;
00000ffd : 00000000;
00000ffe : 00000000;
00000fff : 00000000;
00001000 : 00000000;
00001001 : 00000000;
00001002 : 00000000;
00001003 : 00000000;
00001004 : 00000000;
00001005 : 00000000;
00001006 : 00000000;
00001007 : 00000000;
00001008 : 00000000;
00001009 : 00000000;
0000100a : 00000000;
0000100b : 00000000;
0000100c : 00000000;
0000100d : 00000000;
0000100e : 00000000;
0000100f : 00000000;
00001010 : 00000000;
00001011 : 00000000;
00001012 : 00000000;
00001013 : 00000000;
00001014 : 00000000;
00001015 : 00000000;
00001016 : 00000000;
00001017 : 00000000;
00001018 : 00000000;
00001019 : 00000000;
0000101a : 00000000;
0000101b : 00000000;
0000101c : 00000000;
0000101d : 00000000;
0000101e : 00000000;
0000101f : 00000000;
00001020 : 00000000;
00001021 : 00000000;
00001022 : 00000000;
00001023 : 00000000;
00001024 : 00000000;
00001025 : 00000000;
00001026 : 00000000;
00001027 : 00000000;
00001028 : 00000000;
00001029 : 00000000;
0000102a : 00000000;
0000102b : 00000000;
0000102c : 00000000;
0000102d : 00000000;
0000102e : 00000000;
0000102f : 00000000;
00001030 : 00000000;
00001031 : 00000000;
00001032 : 00000000;
00001033 : 00000000;
00001034 : 00000000;
00001035 : 00000000;
00001036 : 00000000;
00001037 : 00000000;
00001038 : 00000000;
00001039 : 00000000;
0000103a : 00000000;
0000103b : 00000000;
0000103c : 00000000;
0000103d : 00000000;
0000103e : 00000000;
0000103f : 00000000;
00001040 : 00000000;
00001041 : 00000000;
00001042 : 00000000;
00001043 : 00000000;
00001044 : 00000000;
00001045 : 00000000;
00001046 : 00000000;
00001047 : 00000000;
00001048 : 00000000;
00001049 : 00000000;
0000104a : 00000000;
0000104b : 00000000;
0000104c : 00000000;
0000104d : 00000000;
0000104e : 00000000;
0000104f : 00000000;
00001050 : 00000000;
00001051 : 00000000;
00001052 : 00000000;
00001053 : 00000000;
00001054 : 00000000;
00001055 : 00000000;
00001056 : 00000000;
00001057 : 00000000;
00001058 : 00000000;
00001059 : 00000000;
0000105a : 00000000;
0000105b : 00000000;
0000105c : 00000000;
0000105d : 00000000;
0000105e : 00000000;
0000105f : 00000000;
00001060 : 00000000;
00001061 : 00000000;
00001062 : 00000000;
00001063 : 00000000;
00001064 : 00000000;
00001065 : 00000000;
00001066 : 00000000;
00001067 : 00000000;
00001068 : 00000000;
00001069 : 00000000;
0000106a : 00000000;
0000106b : 00000000;
0000106c : 00000000;
0000106d : 00000000;
0000106e : 00000000;
0000106f : 00000000;
00001070 : 00000000;
00001071 : 00000000;
00001072 : 00000000;
00001073 : 00000000;
00001074 : 00000000;
00001075 : 00000000;
00001076 : 00000000;
00001077 : 00000000;
00001078 : 00000000;
00001079 : 00000000;
0000107a : 00000000;
0000107b : 00000000;
0000107c : 00000000;
0000107d : 00000000;
0000107e : 00000000;
0000107f : 00000000;
00001080 : 00000000;
00001081 : 00000000;
00001082 : 00000000;
00001083 : 00000000;
00001084 : 00000000;
00001085 : 00000000;
00001086 : 00000000;
00001087 : 00000000;
00001088 : 00000000;
00001089 : 00000000;
0000108a : 00000000;
0000108b : 00000000;
0000108c : 00000000;
0000108d : 00000000;
0000108e : 00000000;
0000108f : 00000000;
00001090 : 00000000;
00001091 : 00000000;
00001092 : 00000000;
00001093 : 00000000;
00001094 : 00000000;
00001095 : 00000000;
00001096 : 00000000;
00001097 : 00000000;
00001098 : 00000000;
00001099 : 00000000;
0000109a : 00000000;
0000109b : 00000000;
0000109c : 00000000;
0000109d : 00000000;
0000109e : 00000000;
0000109f : 00000000;
000010a0 : 00000000;
000010a1 : 00000000;
000010a2 : 00000000;
000010a3 : 00000000;
000010a4 : 00000000;
000010a5 : 00000000;
000010a6 : 00000000;
000010a7 : 00000000;
000010a8 : 00000000;
000010a9 : 00000000;
000010aa : 00000000;
000010ab : 00000000;
000010ac : 00000000;
000010ad : 00000000;
000010ae : 00000000;
000010af : 00000000;
000010b0 : 00000000;
000010b1 : 00000000;
000010b2 : 00000000;
000010b3 : 00000000;
000010b4 : 00000000;
000010b5 : 00000000;
000010b6 : 00000000;
000010b7 : 00000000;
000010b8 : 00000000;
000010b9 : 00000000;
000010ba : 00000000;
000010bb : 00000000;
000010bc : 00000000;
000010bd : 00000000;
000010be : 00000000;
000010bf : 00000000;
000010c0 : 00000000;
000010c1 : 00000000;
000010c2 : 00000000;
000010c3 : 00000000;
000010c4 : 00000000;
000010c5 : 00000000;
000010c6 : 00000000;
000010c7 : 00000000;
000010c8 : 00000000;
000010c9 : 00000000;
000010ca : 00000000;
000010cb : 00000000;
000010cc : 00000000;
000010cd : 00000000;
000010ce : 00000000;
000010cf : 00000000;
000010d0 : 00000000;
000010d1 : 00000000;
000010d2 : 00000000;
000010d3 : 00000000;
000010d4 : 00000000;
000010d5 : 00000000;
000010d6 : 00000000;
000010d7 : 00000000;
000010d8 : 00000000;
000010d9 : 00000000;
000010da : 00000000;
000010db : 00000000;
000010dc : 00000000;
000010dd : 00000000;
000010de : 00000000;
000010df : 00000000;
000010e0 : 00000000;
000010e1 : 00000000;
000010e2 : 00000000;
000010e3 : 00000000;
000010e4 : 00000000;
000010e5 : 00000000;
000010e6 : 00000000;
000010e7 : 00000000;
000010e8 : 00000000;
000010e9 : 00000000;
000010ea : 00000000;
000010eb : 00000000;
000010ec : 00000000;
000010ed : 00000000;
000010ee : 00000000;
000010ef : 00000000;
000010f0 : 00000000;
000010f1 : 00000000;
000010f2 : 00000000;
000010f3 : 00000000;
000010f4 : 00000000;
000010f5 : 00000000;
000010f6 : 00000000;
000010f7 : 00000000;
000010f8 : 00000000;
000010f9 : 00000000;
000010fa : 00000000;
000010fb : 00000000;
000010fc : 00000000;
000010fd : 00000000;
000010fe : 00000000;
000010ff : 00000000;
00001100 : 00000000;
00001101 : 00000000;
00001102 : 00000000;
00001103 : 00000000;
00001104 : 00000000;
00001105 : 00000000;
00001106 : 00000000;
00001107 : 00000000;
00001108 : 00000000;
00001109 : 00000000;
0000110a : 00000000;
0000110b : 00000000;
0000110c : 00000000;
0000110d : 00000000;
0000110e : 00000000;
0000110f : 00000000;
00001110 : 00000000;
00001111 : 00000000;
00001112 : 00000000;
00001113 : 00000000;
00001114 : 00000000;
00001115 : 00000000;
00001116 : 00000000;
00001117 : 00000000;
00001118 : 00000000;
00001119 : 00000000;
0000111a : 00000000;
0000111b : 00000000;
0000111c : 00000000;
0000111d : 00000000;
0000111e : 00000000;
0000111f : 00000000;
00001120 : 00000000;
00001121 : 00000000;
00001122 : 00000000;
00001123 : 00000000;
00001124 : 00000000;
00001125 : 00000000;
00001126 : 00000000;
00001127 : 00000000;
00001128 : 00000000;
00001129 : 00000000;
0000112a : 00000000;
0000112b : 00000000;
0000112c : 00000000;
0000112d : 00000000;
0000112e : 00000000;
0000112f : 00000000;
00001130 : 00000000;
00001131 : 00000000;
00001132 : 00000000;
00001133 : 00000000;
00001134 : 00000000;
00001135 : 00000000;
00001136 : 00000000;
00001137 : 00000000;
00001138 : 00000000;
00001139 : 00000000;
0000113a : 00000000;
0000113b : 00000000;
0000113c : 00000000;
0000113d : 00000000;
0000113e : 00000000;
0000113f : 00000000;
00001140 : 00000000;
00001141 : 00000000;
00001142 : 00000000;
00001143 : 00000000;
00001144 : 00000000;
00001145 : 00000000;
00001146 : 00000000;
00001147 : 00000000;
00001148 : 00000000;
00001149 : 00000000;
0000114a : 00000000;
0000114b : 00000000;
0000114c : 00000000;
0000114d : 00000000;
0000114e : 00000000;
0000114f : 00000000;
00001150 : 00000000;
00001151 : 00000000;
00001152 : 00000000;
00001153 : 00000000;
00001154 : 00000000;
00001155 : 00000000;
00001156 : 00000000;
00001157 : 00000000;
00001158 : 00000000;
00001159 : 00000000;
0000115a : 00000000;
0000115b : 00000000;
0000115c : 00000000;
0000115d : 00000000;
0000115e : 00000000;
0000115f : 00000000;
00001160 : 00000000;
00001161 : 00000000;
00001162 : 00000000;
00001163 : 00000000;
00001164 : 00000000;
00001165 : 00000000;
00001166 : 00000000;
00001167 : 00000000;
00001168 : 00000000;
00001169 : 00000000;
0000116a : 00000000;
0000116b : 00000000;
0000116c : 00000000;
0000116d : 00000000;
0000116e : 00000000;
0000116f : 00000000;
00001170 : 00000000;
00001171 : 00000000;
00001172 : 00000000;
00001173 : 00000000;
00001174 : 00000000;
00001175 : 00000000;
00001176 : 00000000;
00001177 : 00000000;
00001178 : 00000000;
00001179 : 00000000;
0000117a : 00000000;
0000117b : 00000000;
0000117c : 00000000;
0000117d : 00000000;
0000117e : 00000000;
0000117f : 00000000;
00001180 : 00000000;
00001181 : 00000000;
00001182 : 00000000;
00001183 : 00000000;
00001184 : 00000000;
00001185 : 00000000;
00001186 : 00000000;
00001187 : 00000000;
00001188 : 00000000;
00001189 : 00000000;
0000118a : 00000000;
0000118b : 00000000;
0000118c : 00000000;
0000118d : 00000000;
0000118e : 00000000;
0000118f : 00000000;
00001190 : 00000000;
00001191 : 00000000;
00001192 : 00000000;
00001193 : 00000000;
00001194 : 00000000;
00001195 : 00000000;
00001196 : 00000000;
00001197 : 00000000;
00001198 : 00000000;
00001199 : 00000000;
0000119a : 00000000;
0000119b : 00000000;
0000119c : 00000000;
0000119d : 00000000;
0000119e : 00000000;
0000119f : 00000000;
000011a0 : 00000000;
000011a1 : 00000000;
000011a2 : 00000000;
000011a3 : 00000000;
000011a4 : 00000000;
000011a5 : 00000000;
000011a6 : 00000000;
000011a7 : 00000000;
000011a8 : 00000000;
000011a9 : 00000000;
000011aa : 00000000;
000011ab : 00000000;
000011ac : 00000000;
000011ad : 00000000;
000011ae : 00000000;
000011af : 00000000;
000011b0 : 00000000;
000011b1 : 00000000;
000011b2 : 00000000;
000011b3 : 00000000;
000011b4 : 00000000;
000011b5 : 00000000;
000011b6 : 00000000;
000011b7 : 00000000;
000011b8 : 00000000;
000011b9 : 00000000;
000011ba : 00000000;
000011bb : 00000000;
000011bc : 00000000;
000011bd : 00000000;
000011be : 00000000;
000011bf : 00000000;
000011c0 : 00000000;
000011c1 : 00000000;
000011c2 : 00000000;
000011c3 : 00000000;
000011c4 : 00000000;
000011c5 : 00000000;
000011c6 : 00000000;
000011c7 : 00000000;
000011c8 : 00000000;
000011c9 : 00000000;
000011ca : 00000000;
000011cb : 00000000;
000011cc : 00000000;
000011cd : 00000000;
000011ce : 00000000;
000011cf : 00000000;
000011d0 : 00000000;
000011d1 : 00000000;
000011d2 : 00000000;
000011d3 : 00000000;
000011d4 : 00000000;
000011d5 : 00000000;
000011d6 : 00000000;
000011d7 : 00000000;
000011d8 : 00000000;
000011d9 : 00000000;
000011da : 00000000;
000011db : 00000000;
000011dc : 00000000;
000011dd : 00000000;
000011de : 00000000;
000011df : 00000000;
000011e0 : 00000000;
000011e1 : 00000000;
000011e2 : 00000000;
000011e3 : 00000000;
000011e4 : 00000000;
000011e5 : 00000000;
000011e6 : 00000000;
000011e7 : 00000000;
000011e8 : 00000000;
000011e9 : 00000000;
000011ea : 00000000;
000011eb : 00000000;
000011ec : 00000000;
000011ed : 00000000;
000011ee : 00000000;
000011ef : 00000000;
000011f0 : 00000000;
000011f1 : 00000000;
000011f2 : 00000000;
000011f3 : 00000000;
000011f4 : 00000000;
000011f5 : 00000000;
000011f6 : 00000000;
000011f7 : 00000000;
000011f8 : 00000000;
000011f9 : 00000000;
000011fa : 00000000;
000011fb : 00000000;
000011fc : 00000000;
000011fd : 00000000;
000011fe : 00000000;
000011ff : 00000000;
00001200 : 00000000;
00001201 : 00000000;
00001202 : 00000000;
00001203 : 00000000;
00001204 : 00000000;
00001205 : 00000000;
00001206 : 00000000;
00001207 : 00000000;
00001208 : 00000000;
00001209 : 00000000;
0000120a : 00000000;
0000120b : 00000000;
0000120c : 00000000;
0000120d : 00000000;
0000120e : 00000000;
0000120f : 00000000;
00001210 : 00000000;
00001211 : 00000000;
00001212 : 00000000;
00001213 : 00000000;
00001214 : 00000000;
00001215 : 00000000;
00001216 : 00000000;
00001217 : 00000000;
00001218 : 00000000;
00001219 : 00000000;
0000121a : 00000000;
0000121b : 00000000;
0000121c : 00000000;
0000121d : 00000000;
0000121e : 00000000;
0000121f : 00000000;
00001220 : 00000000;
00001221 : 00000000;
00001222 : 00000000;
00001223 : 00000000;
00001224 : 00000000;
00001225 : 00000000;
00001226 : 00000000;
00001227 : 00000000;
00001228 : 00000000;
00001229 : 00000000;
0000122a : 00000000;
0000122b : 00000000;
0000122c : 00000000;
0000122d : 00000000;
0000122e : 00000000;
0000122f : 00000000;
00001230 : 00000000;
00001231 : 00000000;
00001232 : 00000000;
00001233 : 00000000;
00001234 : 00000000;
00001235 : 00000000;
00001236 : 00000000;
00001237 : 00000000;
00001238 : 00000000;
00001239 : 00000000;
0000123a : 00000000;
0000123b : 00000000;
0000123c : 00000000;
0000123d : 00000000;
0000123e : 00000000;
0000123f : 00000000;
00001240 : 00000000;
00001241 : 00000000;
00001242 : 00000000;
00001243 : 00000000;
00001244 : 00000000;
00001245 : 00000000;
00001246 : 00000000;
00001247 : 00000000;
00001248 : 00000000;
00001249 : 00000000;
0000124a : 00000000;
0000124b : 00000000;
0000124c : 00000000;
0000124d : 00000000;
0000124e : 00000000;
0000124f : 00000000;
00001250 : 00000000;
00001251 : 00000000;
00001252 : 00000000;
00001253 : 00000000;
00001254 : 00000000;
00001255 : 00000000;
00001256 : 00000000;
00001257 : 00000000;
00001258 : 00000000;
00001259 : 00000000;
0000125a : 00000000;
0000125b : 00000000;
0000125c : 00000000;
0000125d : 00000000;
0000125e : 00000000;
0000125f : 00000000;
00001260 : 00000000;
00001261 : 00000000;
00001262 : 00000000;
00001263 : 00000000;
00001264 : 00000000;
00001265 : 00000000;
00001266 : 00000000;
00001267 : 00000000;
00001268 : 00000000;
00001269 : 00000000;
0000126a : 00000000;
0000126b : 00000000;
0000126c : 00000000;
0000126d : 00000000;
0000126e : 00000000;
0000126f : 00000000;
00001270 : 00000000;
00001271 : 00000000;
00001272 : 00000000;
00001273 : 00000000;
00001274 : 00000000;
00001275 : 00000000;
00001276 : 00000000;
00001277 : 00000000;
00001278 : 00000000;
00001279 : 00000000;
0000127a : 00000000;
0000127b : 00000000;
0000127c : 00000000;
0000127d : 00000000;
0000127e : 00000000;
0000127f : 00000000;
00001280 : 00000000;
00001281 : 00000000;
00001282 : 00000000;
00001283 : 00000000;
00001284 : 00000000;
00001285 : 00000000;
00001286 : 00000000;
00001287 : 00000000;
00001288 : 00000000;
00001289 : 00000000;
0000128a : 00000000;
0000128b : 00000000;
0000128c : 00000000;
0000128d : 00000000;
0000128e : 00000000;
0000128f : 00000000;
00001290 : 00000000;
00001291 : 00000000;
00001292 : 00000000;
00001293 : 00000000;
00001294 : 00000000;
00001295 : 00000000;
00001296 : 00000000;
00001297 : 00000000;
00001298 : 00000000;
00001299 : 00000000;
0000129a : 00000000;
0000129b : 00000000;
0000129c : 00000000;
0000129d : 00000000;
0000129e : 00000000;
0000129f : 00000000;
000012a0 : 00000000;
000012a1 : 00000000;
000012a2 : 00000000;
000012a3 : 00000000;
000012a4 : 00000000;
000012a5 : 00000000;
000012a6 : 00000000;
000012a7 : 00000000;
000012a8 : 00000000;
000012a9 : 00000000;
000012aa : 00000000;
000012ab : 00000000;
000012ac : 00000000;
000012ad : 00000000;
000012ae : 00000000;
000012af : 00000000;
000012b0 : 00000000;
000012b1 : 00000000;
000012b2 : 00000000;
000012b3 : 00000000;
000012b4 : 00000000;
000012b5 : 00000000;
000012b6 : 00000000;
000012b7 : 00000000;
000012b8 : 00000000;
000012b9 : 00000000;
000012ba : 00000000;
000012bb : 00000000;
000012bc : 00000000;
000012bd : 00000000;
000012be : 00000000;
000012bf : 00000000;
000012c0 : 00000000;
000012c1 : 00000000;
000012c2 : 00000000;
000012c3 : 00000000;
000012c4 : 00000000;
000012c5 : 00000000;
000012c6 : 00000000;
000012c7 : 00000000;
000012c8 : 00000000;
000012c9 : 00000000;
000012ca : 00000000;
000012cb : 00000000;
000012cc : 00000000;
000012cd : 00000000;
000012ce : 00000000;
000012cf : 00000000;
000012d0 : 00000000;
000012d1 : 00000000;
000012d2 : 00000000;
000012d3 : 00000000;
000012d4 : 00000000;
000012d5 : 00000000;
000012d6 : 00000000;
000012d7 : 00000000;
000012d8 : 00000000;
000012d9 : 00000000;
000012da : 00000000;
000012db : 00000000;
000012dc : 00000000;
000012dd : 00000000;
000012de : 00000000;
000012df : 00000000;
000012e0 : 00000000;
000012e1 : 00000000;
000012e2 : 00000000;
000012e3 : 00000000;
000012e4 : 00000000;
000012e5 : 00000000;
000012e6 : 00000000;
000012e7 : 00000000;
000012e8 : 00000000;
000012e9 : 00000000;
000012ea : 00000000;
000012eb : 00000000;
000012ec : 00000000;
000012ed : 00000000;
000012ee : 00000000;
000012ef : 00000000;
000012f0 : 00000000;
000012f1 : 00000000;
000012f2 : 00000000;
000012f3 : 00000000;
000012f4 : 00000000;
000012f5 : 00000000;
000012f6 : 00000000;
000012f7 : 00000000;
000012f8 : 00000000;
000012f9 : 00000000;
000012fa : 00000000;
000012fb : 00000000;
000012fc : 00000000;
000012fd : 00000000;
000012fe : 00000000;
000012ff : 00000000;
00001300 : 00000000;
00001301 : 00000000;
00001302 : 00000000;
00001303 : 00000000;
00001304 : 00000000;
00001305 : 00000000;
00001306 : 00000000;
00001307 : 00000000;
00001308 : 00000000;
00001309 : 00000000;
0000130a : 00000000;
0000130b : 00000000;
0000130c : 00000000;
0000130d : 00000000;
0000130e : 00000000;
0000130f : 00000000;
00001310 : 00000000;
00001311 : 00000000;
00001312 : 00000000;
00001313 : 00000000;
00001314 : 00000000;
00001315 : 00000000;
00001316 : 00000000;
00001317 : 00000000;
00001318 : 00000000;
00001319 : 00000000;
0000131a : 00000000;
0000131b : 00000000;
0000131c : 00000000;
0000131d : 00000000;
0000131e : 00000000;
0000131f : 00000000;
00001320 : 00000000;
00001321 : 00000000;
00001322 : 00000000;
00001323 : 00000000;
00001324 : 00000000;
00001325 : 00000000;
00001326 : 00000000;
00001327 : 00000000;
00001328 : 00000000;
00001329 : 00000000;
0000132a : 00000000;
0000132b : 00000000;
0000132c : 00000000;
0000132d : 00000000;
0000132e : 00000000;
0000132f : 00000000;
00001330 : 00000000;
00001331 : 00000000;
00001332 : 00000000;
00001333 : 00000000;
00001334 : 00000000;
00001335 : 00000000;
00001336 : 00000000;
00001337 : 00000000;
00001338 : 00000000;
00001339 : 00000000;
0000133a : 00000000;
0000133b : 00000000;
0000133c : 00000000;
0000133d : 00000000;
0000133e : 00000000;
0000133f : 00000000;
00001340 : 00000000;
00001341 : 00000000;
00001342 : 00000000;
00001343 : 00000000;
00001344 : 00000000;
00001345 : 00000000;
00001346 : 00000000;
00001347 : 00000000;
00001348 : 00000000;
00001349 : 00000000;
0000134a : 00000000;
0000134b : 00000000;
0000134c : 00000000;
0000134d : 00000000;
0000134e : 00000000;
0000134f : 00000000;
00001350 : 00000000;
00001351 : 00000000;
00001352 : 00000000;
00001353 : 00000000;
00001354 : 00000000;
00001355 : 00000000;
00001356 : 00000000;
00001357 : 00000000;
00001358 : 00000000;
00001359 : 00000000;
0000135a : 00000000;
0000135b : 00000000;
0000135c : 00000000;
0000135d : 00000000;
0000135e : 00000000;
0000135f : 00000000;
00001360 : 00000000;
00001361 : 00000000;
00001362 : 00000000;
00001363 : 00000000;
00001364 : 00000000;
00001365 : 00000000;
00001366 : 00000000;
00001367 : 00000000;
00001368 : 00000000;
00001369 : 00000000;
0000136a : 00000000;
0000136b : 00000000;
0000136c : 00000000;
0000136d : 00000000;
0000136e : 00000000;
0000136f : 00000000;
00001370 : 00000000;
00001371 : 00000000;
00001372 : 00000000;
00001373 : 00000000;
00001374 : 00000000;
00001375 : 00000000;
00001376 : 00000000;
00001377 : 00000000;
00001378 : 00000000;
00001379 : 00000000;
0000137a : 00000000;
0000137b : 00000000;
0000137c : 00000000;
0000137d : 00000000;
0000137e : 00000000;
0000137f : 00000000;
00001380 : 00000000;
00001381 : 00000000;
00001382 : 00000000;
00001383 : 00000000;
00001384 : 00000000;
00001385 : 00000000;
00001386 : 00000000;
00001387 : 00000000;
00001388 : 00000000;
00001389 : 00000000;
0000138a : 00000000;
0000138b : 00000000;
0000138c : 00000000;
0000138d : 00000000;
0000138e : 00000000;
0000138f : 00000000;
00001390 : 00000000;
00001391 : 00000000;
00001392 : 00000000;
00001393 : 00000000;
00001394 : 00000000;
00001395 : 00000000;
00001396 : 00000000;
00001397 : 00000000;
00001398 : 00000000;
00001399 : 00000000;
0000139a : 00000000;
0000139b : 00000000;
0000139c : 00000000;
0000139d : 00000000;
0000139e : 00000000;
0000139f : 00000000;
000013a0 : 00000000;
000013a1 : 00000000;
000013a2 : 00000000;
000013a3 : 00000000;
000013a4 : 00000000;
000013a5 : 00000000;
000013a6 : 00000000;
000013a7 : 00000000;
000013a8 : 00000000;
000013a9 : 00000000;
000013aa : 00000000;
000013ab : 00000000;
000013ac : 00000000;
000013ad : 00000000;
000013ae : 00000000;
000013af : 00000000;
000013b0 : 00000000;
000013b1 : 00000000;
000013b2 : 00000000;
000013b3 : 00000000;
000013b4 : 00000000;
000013b5 : 00000000;
000013b6 : 00000000;
000013b7 : 00000000;
000013b8 : 00000000;
000013b9 : 00000000;
000013ba : 00000000;
000013bb : 00000000;
000013bc : 00000000;
000013bd : 00000000;
000013be : 00000000;
000013bf : 00000000;
000013c0 : 00000000;
000013c1 : 00000000;
000013c2 : 00000000;
000013c3 : 00000000;
000013c4 : 00000000;
000013c5 : 00000000;
000013c6 : 00000000;
000013c7 : 00000000;
000013c8 : 00000000;
000013c9 : 00000000;
000013ca : 00000000;
000013cb : 00000000;
000013cc : 00000000;
000013cd : 00000000;
000013ce : 00000000;
000013cf : 00000000;
000013d0 : 00000000;
000013d1 : 00000000;
000013d2 : 00000000;
000013d3 : 00000000;
000013d4 : 00000000;
000013d5 : 00000000;
000013d6 : 00000000;
000013d7 : 00000000;
000013d8 : 00000000;
000013d9 : 00000000;
000013da : 00000000;
000013db : 00000000;
000013dc : 00000000;
000013dd : 00000000;
000013de : 00000000;
000013df : 00000000;
000013e0 : 00000000;
000013e1 : 00000000;
000013e2 : 00000000;
000013e3 : 00000000;
000013e4 : 00000000;
000013e5 : 00000000;
000013e6 : 00000000;
000013e7 : 00000000;
000013e8 : 00000000;
000013e9 : 00000000;
000013ea : 00000000;
000013eb : 00000000;
000013ec : 00000000;
000013ed : 00000000;
000013ee : 00000000;
000013ef : 00000000;
000013f0 : 00000000;
000013f1 : 00000000;
000013f2 : 00000000;
000013f3 : 00000000;
000013f4 : 00000000;
000013f5 : 00000000;
000013f6 : 00000000;
000013f7 : 00000000;
000013f8 : 00000000;
000013f9 : 00000000;
000013fa : 00000000;
000013fb : 00000000;
000013fc : 00000000;
000013fd : 00000000;
000013fe : 00000000;
000013ff : 00000000;
00001400 : 00000000;
00001401 : 00000000;
00001402 : 00000000;
00001403 : 00000000;
00001404 : 00000000;
00001405 : 00000000;
00001406 : 00000000;
00001407 : 00000000;
00001408 : 00000000;
00001409 : 00000000;
0000140a : 00000000;
0000140b : 00000000;
0000140c : 00000000;
0000140d : 00000000;
0000140e : 00000000;
0000140f : 00000000;
00001410 : 00000000;
00001411 : 00000000;
00001412 : 00000000;
00001413 : 00000000;
00001414 : 00000000;
00001415 : 00000000;
00001416 : 00000000;
00001417 : 00000000;
00001418 : 00000000;
00001419 : 00000000;
0000141a : 00000000;
0000141b : 00000000;
0000141c : 00000000;
0000141d : 00000000;
0000141e : 00000000;
0000141f : 00000000;
00001420 : 00000000;
00001421 : 00000000;
00001422 : 00000000;
00001423 : 00000000;
00001424 : 00000000;
00001425 : 00000000;
00001426 : 00000000;
00001427 : 00000000;
00001428 : 00000000;
00001429 : 00000000;
0000142a : 00000000;
0000142b : 00000000;
0000142c : 00000000;
0000142d : 00000000;
0000142e : 00000000;
0000142f : 00000000;
00001430 : 00000000;
00001431 : 00000000;
00001432 : 00000000;
00001433 : 00000000;
00001434 : 00000000;
00001435 : 00000000;
00001436 : 00000000;
00001437 : 00000000;
00001438 : 00000000;
00001439 : 00000000;
0000143a : 00000000;
0000143b : 00000000;
0000143c : 00000000;
0000143d : 00000000;
0000143e : 00000000;
0000143f : 00000000;
00001440 : 00000000;
00001441 : 00000000;
00001442 : 00000000;
00001443 : 00000000;
00001444 : 00000000;
00001445 : 00000000;
00001446 : 00000000;
00001447 : 00000000;
00001448 : 00000000;
00001449 : 00000000;
0000144a : 00000000;
0000144b : 00000000;
0000144c : 00000000;
0000144d : 00000000;
0000144e : 00000000;
0000144f : 00000000;
00001450 : 00000000;
00001451 : 00000000;
00001452 : 00000000;
00001453 : 00000000;
00001454 : 00000000;
00001455 : 00000000;
00001456 : 00000000;
00001457 : 00000000;
00001458 : 00000000;
00001459 : 00000000;
0000145a : 00000000;
0000145b : 00000000;
0000145c : 00000000;
0000145d : 00000000;
0000145e : 00000000;
0000145f : 00000000;
00001460 : 00000000;
00001461 : 00000000;
00001462 : 00000000;
00001463 : 00000000;
00001464 : 00000000;
00001465 : 00000000;
00001466 : 00000000;
00001467 : 00000000;
00001468 : 00000000;
00001469 : 00000000;
0000146a : 00000000;
0000146b : 00000000;
0000146c : 00000000;
0000146d : 00000000;
0000146e : 00000000;
0000146f : 00000000;
00001470 : 00000000;
00001471 : 00000000;
00001472 : 00000000;
00001473 : 00000000;
00001474 : 00000000;
00001475 : 00000000;
00001476 : 00000000;
00001477 : 00000000;
00001478 : 00000000;
00001479 : 00000000;
0000147a : 00000000;
0000147b : 00000000;
0000147c : 00000000;
0000147d : 00000000;
0000147e : 00000000;
0000147f : 00000000;
00001480 : 00000000;
00001481 : 00000000;
00001482 : 00000000;
00001483 : 00000000;
00001484 : 00000000;
00001485 : 00000000;
00001486 : 00000000;
00001487 : 00000000;
00001488 : 00000000;
00001489 : 00000000;
0000148a : 00000000;
0000148b : 00000000;
0000148c : 00000000;
0000148d : 00000000;
0000148e : 00000000;
0000148f : 00000000;
00001490 : 00000000;
00001491 : 00000000;
00001492 : 00000000;
00001493 : 00000000;
00001494 : 00000000;
00001495 : 00000000;
00001496 : 00000000;
00001497 : 00000000;
00001498 : 00000000;
00001499 : 00000000;
0000149a : 00000000;
0000149b : 00000000;
0000149c : 00000000;
0000149d : 00000000;
0000149e : 00000000;
0000149f : 00000000;
000014a0 : 00000000;
000014a1 : 00000000;
000014a2 : 00000000;
000014a3 : 00000000;
000014a4 : 00000000;
000014a5 : 00000000;
000014a6 : 00000000;
000014a7 : 00000000;
000014a8 : 00000000;
000014a9 : 00000000;
000014aa : 00000000;
000014ab : 00000000;
000014ac : 00000000;
000014ad : 00000000;
000014ae : 00000000;
000014af : 00000000;
000014b0 : 00000000;
000014b1 : 00000000;
000014b2 : 00000000;
000014b3 : 00000000;
000014b4 : 00000000;
000014b5 : 00000000;
000014b6 : 00000000;
000014b7 : 00000000;
000014b8 : 00000000;
000014b9 : 00000000;
000014ba : 00000000;
000014bb : 00000000;
000014bc : 00000000;
000014bd : 00000000;
000014be : 00000000;
000014bf : 00000000;
000014c0 : 00000000;
000014c1 : 00000000;
000014c2 : 00000000;
000014c3 : 00000000;
000014c4 : 00000000;
000014c5 : 00000000;
000014c6 : 00000000;
000014c7 : 00000000;
000014c8 : 00000000;
000014c9 : 00000000;
000014ca : 00000000;
000014cb : 00000000;
000014cc : 00000000;
000014cd : 00000000;
000014ce : 00000000;
000014cf : 00000000;
000014d0 : 00000000;
000014d1 : 00000000;
000014d2 : 00000000;
000014d3 : 00000000;
000014d4 : 00000000;
000014d5 : 00000000;
000014d6 : 00000000;
000014d7 : 00000000;
000014d8 : 00000000;
000014d9 : 00000000;
000014da : 00000000;
000014db : 00000000;
000014dc : 00000000;
000014dd : 00000000;
000014de : 00000000;
000014df : 00000000;
000014e0 : 00000000;
000014e1 : 00000000;
000014e2 : 00000000;
000014e3 : 00000000;
000014e4 : 00000000;
000014e5 : 00000000;
000014e6 : 00000000;
000014e7 : 00000000;
000014e8 : 00000000;
000014e9 : 00000000;
000014ea : 00000000;
000014eb : 00000000;
000014ec : 00000000;
000014ed : 00000000;
000014ee : 00000000;
000014ef : 00000000;
000014f0 : 00000000;
000014f1 : 00000000;
000014f2 : 00000000;
000014f3 : 00000000;
000014f4 : 00000000;
000014f5 : 00000000;
000014f6 : 00000000;
000014f7 : 00000000;
000014f8 : 00000000;
000014f9 : 00000000;
000014fa : 00000000;
000014fb : 00000000;
000014fc : 00000000;
000014fd : 00000000;
000014fe : 00000000;
000014ff : 00000000;
00001500 : 00000000;
00001501 : 00000000;
00001502 : 00000000;
00001503 : 00000000;
00001504 : 00000000;
00001505 : 00000000;
00001506 : 00000000;
00001507 : 00000000;
00001508 : 00000000;
00001509 : 00000000;
0000150a : 00000000;
0000150b : 00000000;
0000150c : 00000000;
0000150d : 00000000;
0000150e : 00000000;
0000150f : 00000000;
00001510 : 00000000;
00001511 : 00000000;
00001512 : 00000000;
00001513 : 00000000;
00001514 : 00000000;
00001515 : 00000000;
00001516 : 00000000;
00001517 : 00000000;
00001518 : 00000000;
00001519 : 00000000;
0000151a : 00000000;
0000151b : 00000000;
0000151c : 00000000;
0000151d : 00000000;
0000151e : 00000000;
0000151f : 00000000;
00001520 : 00000000;
00001521 : 00000000;
00001522 : 00000000;
00001523 : 00000000;
00001524 : 00000000;
00001525 : 00000000;
00001526 : 00000000;
00001527 : 00000000;
00001528 : 00000000;
00001529 : 00000000;
0000152a : 00000000;
0000152b : 00000000;
0000152c : 00000000;
0000152d : 00000000;
0000152e : 00000000;
0000152f : 00000000;
00001530 : 00000000;
00001531 : 00000000;
00001532 : 00000000;
00001533 : 00000000;
00001534 : 00000000;
00001535 : 00000000;
00001536 : 00000000;
00001537 : 00000000;
00001538 : 00000000;
00001539 : 00000000;
0000153a : 00000000;
0000153b : 00000000;
0000153c : 00000000;
0000153d : 00000000;
0000153e : 00000000;
0000153f : 00000000;
00001540 : 00000000;
00001541 : 00000000;
00001542 : 00000000;
00001543 : 00000000;
00001544 : 00000000;
00001545 : 00000000;
00001546 : 00000000;
00001547 : 00000000;
00001548 : 00000000;
00001549 : 00000000;
0000154a : 00000000;
0000154b : 00000000;
0000154c : 00000000;
0000154d : 00000000;
0000154e : 00000000;
0000154f : 00000000;
00001550 : 00000000;
00001551 : 00000000;
00001552 : 00000000;
00001553 : 00000000;
00001554 : 00000000;
00001555 : 00000000;
00001556 : 00000000;
00001557 : 00000000;
00001558 : 00000000;
00001559 : 00000000;
0000155a : 00000000;
0000155b : 00000000;
0000155c : 00000000;
0000155d : 00000000;
0000155e : 00000000;
0000155f : 00000000;
00001560 : 00000000;
00001561 : 00000000;
00001562 : 00000000;
00001563 : 00000000;
00001564 : 00000000;
00001565 : 00000000;
00001566 : 00000000;
00001567 : 00000000;
00001568 : 00000000;
00001569 : 00000000;
0000156a : 00000000;
0000156b : 00000000;
0000156c : 00000000;
0000156d : 00000000;
0000156e : 00000000;
0000156f : 00000000;
00001570 : 00000000;
00001571 : 00000000;
00001572 : 00000000;
00001573 : 00000000;
00001574 : 00000000;
00001575 : 00000000;
00001576 : 00000000;
00001577 : 00000000;
00001578 : 00000000;
00001579 : 00000000;
0000157a : 00000000;
0000157b : 00000000;
0000157c : 00000000;
0000157d : 00000000;
0000157e : 00000000;
0000157f : 00000000;
00001580 : 00000000;
00001581 : 00000000;
00001582 : 00000000;
00001583 : 00000000;
00001584 : 00000000;
00001585 : 00000000;
00001586 : 00000000;
00001587 : 00000000;
00001588 : 00000000;
00001589 : 00000000;
0000158a : 00000000;
0000158b : 00000000;
0000158c : 00000000;
0000158d : 00000000;
0000158e : 00000000;
0000158f : 00000000;
00001590 : 00000000;
00001591 : 00000000;
00001592 : 00000000;
00001593 : 00000000;
00001594 : 00000000;
00001595 : 00000000;
00001596 : 00000000;
00001597 : 00000000;
00001598 : 00000000;
00001599 : 00000000;
0000159a : 00000000;
0000159b : 00000000;
0000159c : 00000000;
0000159d : 00000000;
0000159e : 00000000;
0000159f : 00000000;
000015a0 : 00000000;
000015a1 : 00000000;
000015a2 : 00000000;
000015a3 : 00000000;
000015a4 : 00000000;
000015a5 : 00000000;
000015a6 : 00000000;
000015a7 : 00000000;
000015a8 : 00000000;
000015a9 : 00000000;
000015aa : 00000000;
000015ab : 00000000;
000015ac : 00000000;
000015ad : 00000000;
000015ae : 00000000;
000015af : 00000000;
000015b0 : 00000000;
000015b1 : 00000000;
000015b2 : 00000000;
000015b3 : 00000000;
000015b4 : 00000000;
000015b5 : 00000000;
000015b6 : 00000000;
000015b7 : 00000000;
000015b8 : 00000000;
000015b9 : 00000000;
000015ba : 00000000;
000015bb : 00000000;
000015bc : 00000000;
000015bd : 00000000;
000015be : 00000000;
000015bf : 00000000;
000015c0 : 00000000;
000015c1 : 00000000;
000015c2 : 00000000;
000015c3 : 00000000;
000015c4 : 00000000;
000015c5 : 00000000;
000015c6 : 00000000;
000015c7 : 00000000;
000015c8 : 00000000;
000015c9 : 00000000;
000015ca : 00000000;
000015cb : 00000000;
000015cc : 00000000;
000015cd : 00000000;
000015ce : 00000000;
000015cf : 00000000;
000015d0 : 00000000;
000015d1 : 00000000;
000015d2 : 00000000;
000015d3 : 00000000;
000015d4 : 00000000;
000015d5 : 00000000;
000015d6 : 00000000;
000015d7 : 00000000;
000015d8 : 00000000;
000015d9 : 00000000;
000015da : 00000000;
000015db : 00000000;
000015dc : 00000000;
000015dd : 00000000;
000015de : 00000000;
000015df : 00000000;
000015e0 : 00000000;
000015e1 : 00000000;
000015e2 : 00000000;
000015e3 : 00000000;
000015e4 : 00000000;
000015e5 : 00000000;
000015e6 : 00000000;
000015e7 : 00000000;
000015e8 : 00000000;
000015e9 : 00000000;
000015ea : 00000000;
000015eb : 00000000;
000015ec : 00000000;
000015ed : 00000000;
000015ee : 00000000;
000015ef : 00000000;
000015f0 : 00000000;
000015f1 : 00000000;
000015f2 : 00000000;
000015f3 : 00000000;
000015f4 : 00000000;
000015f5 : 00000000;
000015f6 : 00000000;
000015f7 : 00000000;
000015f8 : 00000000;
000015f9 : 00000000;
000015fa : 00000000;
000015fb : 00000000;
000015fc : 00000000;
000015fd : 00000000;
000015fe : 00000000;
000015ff : 00000000;
00001600 : 00000000;
00001601 : 00000000;
00001602 : 00000000;
00001603 : 00000000;
00001604 : 00000000;
00001605 : 00000000;
00001606 : 00000000;
00001607 : 00000000;
00001608 : 00000000;
00001609 : 00000000;
0000160a : 00000000;
0000160b : 00000000;
0000160c : 00000000;
0000160d : 00000000;
0000160e : 00000000;
0000160f : 00000000;
00001610 : 00000000;
00001611 : 00000000;
00001612 : 00000000;
00001613 : 00000000;
00001614 : 00000000;
00001615 : 00000000;
00001616 : 00000000;
00001617 : 00000000;
00001618 : 00000000;
00001619 : 00000000;
0000161a : 00000000;
0000161b : 00000000;
0000161c : 00000000;
0000161d : 00000000;
0000161e : 00000000;
0000161f : 00000000;
00001620 : 00000000;
00001621 : 00000000;
00001622 : 00000000;
00001623 : 00000000;
00001624 : 00000000;
00001625 : 00000000;
00001626 : 00000000;
00001627 : 00000000;
00001628 : 00000000;
00001629 : 00000000;
0000162a : 00000000;
0000162b : 00000000;
0000162c : 00000000;
0000162d : 00000000;
0000162e : 00000000;
0000162f : 00000000;
00001630 : 00000000;
00001631 : 00000000;
00001632 : 00000000;
00001633 : 00000000;
00001634 : 00000000;
00001635 : 00000000;
00001636 : 00000000;
00001637 : 00000000;
00001638 : 00000000;
00001639 : 00000000;
0000163a : 00000000;
0000163b : 00000000;
0000163c : 00000000;
0000163d : 00000000;
0000163e : 00000000;
0000163f : 00000000;
00001640 : 00000000;
00001641 : 00000000;
00001642 : 00000000;
00001643 : 00000000;
00001644 : 00000000;
00001645 : 00000000;
00001646 : 00000000;
00001647 : 00000000;
00001648 : 00000000;
00001649 : 00000000;
0000164a : 00000000;
0000164b : 00000000;
0000164c : 00000000;
0000164d : 00000000;
0000164e : 00000000;
0000164f : 00000000;
00001650 : 00000000;
00001651 : 00000000;
00001652 : 00000000;
00001653 : 00000000;
00001654 : 00000000;
00001655 : 00000000;
00001656 : 00000000;
00001657 : 00000000;
00001658 : 00000000;
00001659 : 00000000;
0000165a : 00000000;
0000165b : 00000000;
0000165c : 00000000;
0000165d : 00000000;
0000165e : 00000000;
0000165f : 00000000;
00001660 : 00000000;
00001661 : 00000000;
00001662 : 00000000;
00001663 : 00000000;
00001664 : 00000000;
00001665 : 00000000;
00001666 : 00000000;
00001667 : 00000000;
00001668 : 00000000;
00001669 : 00000000;
0000166a : 00000000;
0000166b : 00000000;
0000166c : 00000000;
0000166d : 00000000;
0000166e : 00000000;
0000166f : 00000000;
00001670 : 00000000;
00001671 : 00000000;
00001672 : 00000000;
00001673 : 00000000;
00001674 : 00000000;
00001675 : 00000000;
00001676 : 00000000;
00001677 : 00000000;
00001678 : 00000000;
00001679 : 00000000;
0000167a : 00000000;
0000167b : 00000000;
0000167c : 00000000;
0000167d : 00000000;
0000167e : 00000000;
0000167f : 00000000;
00001680 : 00000000;
00001681 : 00000000;
00001682 : 00000000;
00001683 : 00000000;
00001684 : 00000000;
00001685 : 00000000;
00001686 : 00000000;
00001687 : 00000000;
00001688 : 00000000;
00001689 : 00000000;
0000168a : 00000000;
0000168b : 00000000;
0000168c : 00000000;
0000168d : 00000000;
0000168e : 00000000;
0000168f : 00000000;
00001690 : 00000000;
00001691 : 00000000;
00001692 : 00000000;
00001693 : 00000000;
00001694 : 00000000;
00001695 : 00000000;
00001696 : 00000000;
00001697 : 00000000;
00001698 : 00000000;
00001699 : 00000000;
0000169a : 00000000;
0000169b : 00000000;
0000169c : 00000000;
0000169d : 00000000;
0000169e : 00000000;
0000169f : 00000000;
000016a0 : 00000000;
000016a1 : 00000000;
000016a2 : 00000000;
000016a3 : 00000000;
000016a4 : 00000000;
000016a5 : 00000000;
000016a6 : 00000000;
000016a7 : 00000000;
000016a8 : 00000000;
000016a9 : 00000000;
000016aa : 00000000;
000016ab : 00000000;
000016ac : 00000000;
000016ad : 00000000;
000016ae : 00000000;
000016af : 00000000;
000016b0 : 00000000;
000016b1 : 00000000;
000016b2 : 00000000;
000016b3 : 00000000;
000016b4 : 00000000;
000016b5 : 00000000;
000016b6 : 00000000;
000016b7 : 00000000;
000016b8 : 00000000;
000016b9 : 00000000;
000016ba : 00000000;
000016bb : 00000000;
000016bc : 00000000;
000016bd : 00000000;
000016be : 00000000;
000016bf : 00000000;
000016c0 : 00000000;
000016c1 : 00000000;
000016c2 : 00000000;
000016c3 : 00000000;
000016c4 : 00000000;
000016c5 : 00000000;
000016c6 : 00000000;
000016c7 : 00000000;
000016c8 : 00000000;
000016c9 : 00000000;
000016ca : 00000000;
000016cb : 00000000;
000016cc : 00000000;
000016cd : 00000000;
000016ce : 00000000;
000016cf : 00000000;
000016d0 : 00000000;
000016d1 : 00000000;
000016d2 : 00000000;
000016d3 : 00000000;
000016d4 : 00000000;
000016d5 : 00000000;
000016d6 : 00000000;
000016d7 : 00000000;
000016d8 : 00000000;
000016d9 : 00000000;
000016da : 00000000;
000016db : 00000000;
000016dc : 00000000;
000016dd : 00000000;
000016de : 00000000;
000016df : 00000000;
000016e0 : 00000000;
000016e1 : 00000000;
000016e2 : 00000000;
000016e3 : 00000000;
000016e4 : 00000000;
000016e5 : 00000000;
000016e6 : 00000000;
000016e7 : 00000000;
000016e8 : 00000000;
000016e9 : 00000000;
000016ea : 00000000;
000016eb : 00000000;
000016ec : 00000000;
000016ed : 00000000;
000016ee : 00000000;
000016ef : 00000000;
000016f0 : 00000000;
000016f1 : 00000000;
000016f2 : 00000000;
000016f3 : 00000000;
000016f4 : 00000000;
000016f5 : 00000000;
000016f6 : 00000000;
000016f7 : 00000000;
000016f8 : 00000000;
000016f9 : 00000000;
000016fa : 00000000;
000016fb : 00000000;
000016fc : 00000000;
000016fd : 00000000;
000016fe : 00000000;
000016ff : 00000000;
00001700 : 00000000;
00001701 : 00000000;
00001702 : 00000000;
00001703 : 00000000;
00001704 : 00000000;
00001705 : 00000000;
00001706 : 00000000;
00001707 : 00000000;
00001708 : 00000000;
00001709 : 00000000;
0000170a : 00000000;
0000170b : 00000000;
0000170c : 00000000;
0000170d : 00000000;
0000170e : 00000000;
0000170f : 00000000;
00001710 : 00000000;
00001711 : 00000000;
00001712 : 00000000;
00001713 : 00000000;
00001714 : 00000000;
00001715 : 00000000;
00001716 : 00000000;
00001717 : 00000000;
00001718 : 00000000;
00001719 : 00000000;
0000171a : 00000000;
0000171b : 00000000;
0000171c : 00000000;
0000171d : 00000000;
0000171e : 00000000;
0000171f : 00000000;
00001720 : 00000000;
00001721 : 00000000;
00001722 : 00000000;
00001723 : 00000000;
00001724 : 00000000;
00001725 : 00000000;
00001726 : 00000000;
00001727 : 00000000;
00001728 : 00000000;
00001729 : 00000000;
0000172a : 00000000;
0000172b : 00000000;
0000172c : 00000000;
0000172d : 00000000;
0000172e : 00000000;
0000172f : 00000000;
00001730 : 00000000;
00001731 : 00000000;
00001732 : 00000000;
00001733 : 00000000;
00001734 : 00000000;
00001735 : 00000000;
00001736 : 00000000;
00001737 : 00000000;
00001738 : 00000000;
00001739 : 00000000;
0000173a : 00000000;
0000173b : 00000000;
0000173c : 00000000;
0000173d : 00000000;
0000173e : 00000000;
0000173f : 00000000;
00001740 : 00000000;
00001741 : 00000000;
00001742 : 00000000;
00001743 : 00000000;
00001744 : 00000000;
00001745 : 00000000;
00001746 : 00000000;
00001747 : 00000000;
00001748 : 00000000;
00001749 : 00000000;
0000174a : 00000000;
0000174b : 00000000;
0000174c : 00000000;
0000174d : 00000000;
0000174e : 00000000;
0000174f : 00000000;
00001750 : 00000000;
00001751 : 00000000;
00001752 : 00000000;
00001753 : 00000000;
00001754 : 00000000;
00001755 : 00000000;
00001756 : 00000000;
00001757 : 00000000;
00001758 : 00000000;
00001759 : 00000000;
0000175a : 00000000;
0000175b : 00000000;
0000175c : 00000000;
0000175d : 00000000;
0000175e : 00000000;
0000175f : 00000000;
00001760 : 00000000;
00001761 : 00000000;
00001762 : 00000000;
00001763 : 00000000;
00001764 : 00000000;
00001765 : 00000000;
00001766 : 00000000;
00001767 : 00000000;
00001768 : 00000000;
00001769 : 00000000;
0000176a : 00000000;
0000176b : 00000000;
0000176c : 00000000;
0000176d : 00000000;
0000176e : 00000000;
0000176f : 00000000;
00001770 : 00000000;
00001771 : 00000000;
00001772 : 00000000;
00001773 : 00000000;
00001774 : 00000000;
00001775 : 00000000;
00001776 : 00000000;
00001777 : 00000000;
00001778 : 00000000;
00001779 : 00000000;
0000177a : 00000000;
0000177b : 00000000;
0000177c : 00000000;
0000177d : 00000000;
0000177e : 00000000;
0000177f : 00000000;
00001780 : 00000000;
00001781 : 00000000;
00001782 : 00000000;
00001783 : 00000000;
00001784 : 00000000;
00001785 : 00000000;
00001786 : 00000000;
00001787 : 00000000;
00001788 : 00000000;
00001789 : 00000000;
0000178a : 00000000;
0000178b : 00000000;
0000178c : 00000000;
0000178d : 00000000;
0000178e : 00000000;
0000178f : 00000000;
00001790 : 00000000;
00001791 : 00000000;
00001792 : 00000000;
00001793 : 00000000;
00001794 : 00000000;
00001795 : 00000000;
00001796 : 00000000;
00001797 : 00000000;
00001798 : 00000000;
00001799 : 00000000;
0000179a : 00000000;
0000179b : 00000000;
0000179c : 00000000;
0000179d : 00000000;
0000179e : 00000000;
0000179f : 00000000;
000017a0 : 00000000;
000017a1 : 00000000;
000017a2 : 00000000;
000017a3 : 00000000;
000017a4 : 00000000;
000017a5 : 00000000;
000017a6 : 00000000;
000017a7 : 00000000;
000017a8 : 00000000;
000017a9 : 00000000;
000017aa : 00000000;
000017ab : 00000000;
000017ac : 00000000;
000017ad : 00000000;
000017ae : 00000000;
000017af : 00000000;
000017b0 : 00000000;
000017b1 : 00000000;
000017b2 : 00000000;
000017b3 : 00000000;
000017b4 : 00000000;
000017b5 : 00000000;
000017b6 : 00000000;
000017b7 : 00000000;
000017b8 : 00000000;
000017b9 : 00000000;
000017ba : 00000000;
000017bb : 00000000;
000017bc : 00000000;
000017bd : 00000000;
000017be : 00000000;
000017bf : 00000000;
000017c0 : 00000000;
000017c1 : 00000000;
000017c2 : 00000000;
000017c3 : 00000000;
000017c4 : 00000000;
000017c5 : 00000000;
000017c6 : 00000000;
000017c7 : 00000000;
000017c8 : 00000000;
000017c9 : 00000000;
000017ca : 00000000;
000017cb : 00000000;
000017cc : 00000000;
000017cd : 00000000;
000017ce : 00000000;
000017cf : 00000000;
000017d0 : 00000000;
000017d1 : 00000000;
000017d2 : 00000000;
000017d3 : 00000000;
000017d4 : 00000000;
000017d5 : 00000000;
000017d6 : 00000000;
000017d7 : 00000000;
000017d8 : 00000000;
000017d9 : 00000000;
000017da : 00000000;
000017db : 00000000;
000017dc : 00000000;
000017dd : 00000000;
000017de : 00000000;
000017df : 00000000;
000017e0 : 00000000;
000017e1 : 00000000;
000017e2 : 00000000;
000017e3 : 00000000;
000017e4 : 00000000;
000017e5 : 00000000;
000017e6 : 00000000;
000017e7 : 00000000;
000017e8 : 00000000;
000017e9 : 00000000;
000017ea : 00000000;
000017eb : 00000000;
000017ec : 00000000;
000017ed : 00000000;
000017ee : 00000000;
000017ef : 00000000;
000017f0 : 00000000;
000017f1 : 00000000;
000017f2 : 00000000;
000017f3 : 00000000;
000017f4 : 00000000;
000017f5 : 00000000;
000017f6 : 00000000;
000017f7 : 00000000;
000017f8 : 00000000;
000017f9 : 00000000;
000017fa : 00000000;
000017fb : 00000000;
000017fc : 00000000;
000017fd : 00000000;
000017fe : 00000000;
000017ff : 00000000;
00001800 : 00000000;
00001801 : 00000000;
00001802 : 00000000;
00001803 : 00000000;
00001804 : 00000000;
00001805 : 00000000;
00001806 : 00000000;
00001807 : 00000000;
00001808 : 00000000;
00001809 : 00000000;
0000180a : 00000000;
0000180b : 00000000;
0000180c : 00000000;
0000180d : 00000000;
0000180e : 00000000;
0000180f : 00000000;
00001810 : 00000000;
00001811 : 00000000;
00001812 : 00000000;
00001813 : 00000000;
00001814 : 00000000;
00001815 : 00000000;
00001816 : 00000000;
00001817 : 00000000;
00001818 : 00000000;
00001819 : 00000000;
0000181a : 00000000;
0000181b : 00000000;
0000181c : 00000000;
0000181d : 00000000;
0000181e : 00000000;
0000181f : 00000000;
00001820 : 00000000;
00001821 : 00000000;
00001822 : 00000000;
00001823 : 00000000;
00001824 : 00000000;
00001825 : 00000000;
00001826 : 00000000;
00001827 : 00000000;
00001828 : 00000000;
00001829 : 00000000;
0000182a : 00000000;
0000182b : 00000000;
0000182c : 00000000;
0000182d : 00000000;
0000182e : 00000000;
0000182f : 00000000;
00001830 : 00000000;
00001831 : 00000000;
00001832 : 00000000;
00001833 : 00000000;
00001834 : 00000000;
00001835 : 00000000;
00001836 : 00000000;
00001837 : 00000000;
00001838 : 00000000;
00001839 : 00000000;
0000183a : 00000000;
0000183b : 00000000;
0000183c : 00000000;
0000183d : 00000000;
0000183e : 00000000;
0000183f : 00000000;
00001840 : 00000000;
00001841 : 00000000;
00001842 : 00000000;
00001843 : 00000000;
00001844 : 00000000;
00001845 : 00000000;
00001846 : 00000000;
00001847 : 00000000;
00001848 : 00000000;
00001849 : 00000000;
0000184a : 00000000;
0000184b : 00000000;
0000184c : 00000000;
0000184d : 00000000;
0000184e : 00000000;
0000184f : 00000000;
00001850 : 00000000;
00001851 : 00000000;
00001852 : 00000000;
00001853 : 00000000;
00001854 : 00000000;
00001855 : 00000000;
00001856 : 00000000;
00001857 : 00000000;
00001858 : 00000000;
00001859 : 00000000;
0000185a : 00000000;
0000185b : 00000000;
0000185c : 00000000;
0000185d : 00000000;
0000185e : 00000000;
0000185f : 00000000;
00001860 : 00000000;
00001861 : 00000000;
00001862 : 00000000;
00001863 : 00000000;
00001864 : 00000000;
00001865 : 00000000;
00001866 : 00000000;
00001867 : 00000000;
00001868 : 00000000;
00001869 : 00000000;
0000186a : 00000000;
0000186b : 00000000;
0000186c : 00000000;
0000186d : 00000000;
0000186e : 00000000;
0000186f : 00000000;
00001870 : 00000000;
00001871 : 00000000;
00001872 : 00000000;
00001873 : 00000000;
00001874 : 00000000;
00001875 : 00000000;
00001876 : 00000000;
00001877 : 00000000;
00001878 : 00000000;
00001879 : 00000000;
0000187a : 00000000;
0000187b : 00000000;
0000187c : 00000000;
0000187d : 00000000;
0000187e : 00000000;
0000187f : 00000000;
00001880 : 00000000;
00001881 : 00000000;
00001882 : 00000000;
00001883 : 00000000;
00001884 : 00000000;
00001885 : 00000000;
00001886 : 00000000;
00001887 : 00000000;
00001888 : 00000000;
00001889 : 00000000;
0000188a : 00000000;
0000188b : 00000000;
0000188c : 00000000;
0000188d : 00000000;
0000188e : 00000000;
0000188f : 00000000;
00001890 : 00000000;
00001891 : 00000000;
00001892 : 00000000;
00001893 : 00000000;
00001894 : 00000000;
00001895 : 00000000;
00001896 : 00000000;
00001897 : 00000000;
00001898 : 00000000;
00001899 : 00000000;
0000189a : 00000000;
0000189b : 00000000;
0000189c : 00000000;
0000189d : 00000000;
0000189e : 00000000;
0000189f : 00000000;
000018a0 : 00000000;
000018a1 : 00000000;
000018a2 : 00000000;
000018a3 : 00000000;
000018a4 : 00000000;
000018a5 : 00000000;
000018a6 : 00000000;
000018a7 : 00000000;
000018a8 : 00000000;
000018a9 : 00000000;
000018aa : 00000000;
000018ab : 00000000;
000018ac : 00000000;
000018ad : 00000000;
000018ae : 00000000;
000018af : 00000000;
000018b0 : 00000000;
000018b1 : 00000000;
000018b2 : 00000000;
000018b3 : 00000000;
000018b4 : 00000000;
000018b5 : 00000000;
000018b6 : 00000000;
000018b7 : 00000000;
000018b8 : 00000000;
000018b9 : 00000000;
000018ba : 00000000;
000018bb : 00000000;
000018bc : 00000000;
000018bd : 00000000;
000018be : 00000000;
000018bf : 00000000;
000018c0 : 00000000;
000018c1 : 00000000;
000018c2 : 00000000;
000018c3 : 00000000;
000018c4 : 00000000;
000018c5 : 00000000;
000018c6 : 00000000;
000018c7 : 00000000;
000018c8 : 00000000;
000018c9 : 00000000;
000018ca : 00000000;
000018cb : 00000000;
000018cc : 00000000;
000018cd : 00000000;
000018ce : 00000000;
000018cf : 00000000;
000018d0 : 00000000;
000018d1 : 00000000;
000018d2 : 00000000;
000018d3 : 00000000;
000018d4 : 00000000;
000018d5 : 00000000;
000018d6 : 00000000;
000018d7 : 00000000;
000018d8 : 00000000;
000018d9 : 00000000;
000018da : 00000000;
000018db : 00000000;
000018dc : 00000000;
000018dd : 00000000;
000018de : 00000000;
000018df : 00000000;
000018e0 : 00000000;
000018e1 : 00000000;
000018e2 : 00000000;
000018e3 : 00000000;
000018e4 : 00000000;
000018e5 : 00000000;
000018e6 : 00000000;
000018e7 : 00000000;
000018e8 : 00000000;
000018e9 : 00000000;
000018ea : 00000000;
000018eb : 00000000;
000018ec : 00000000;
000018ed : 00000000;
000018ee : 00000000;
000018ef : 00000000;
000018f0 : 00000000;
000018f1 : 00000000;
000018f2 : 00000000;
000018f3 : 00000000;
000018f4 : 00000000;
000018f5 : 00000000;
000018f6 : 00000000;
000018f7 : 00000000;
000018f8 : 00000000;
000018f9 : 00000000;
000018fa : 00000000;
000018fb : 00000000;
000018fc : 00000000;
000018fd : 00000000;
000018fe : 00000000;
000018ff : 00000000;
00001900 : 00000000;
00001901 : 00000000;
00001902 : 00000000;
00001903 : 00000000;
00001904 : 00000000;
00001905 : 00000000;
00001906 : 00000000;
00001907 : 00000000;
00001908 : 00000000;
00001909 : 00000000;
0000190a : 00000000;
0000190b : 00000000;
0000190c : 00000000;
0000190d : 00000000;
0000190e : 00000000;
0000190f : 00000000;
00001910 : 00000000;
00001911 : 00000000;
00001912 : 00000000;
00001913 : 00000000;
00001914 : 00000000;
00001915 : 00000000;
00001916 : 00000000;
00001917 : 00000000;
00001918 : 00000000;
00001919 : 00000000;
0000191a : 00000000;
0000191b : 00000000;
0000191c : 00000000;
0000191d : 00000000;
0000191e : 00000000;
0000191f : 00000000;
00001920 : 00000000;
00001921 : 00000000;
00001922 : 00000000;
00001923 : 00000000;
00001924 : 00000000;
00001925 : 00000000;
00001926 : 00000000;
00001927 : 00000000;
00001928 : 00000000;
00001929 : 00000000;
0000192a : 00000000;
0000192b : 00000000;
0000192c : 00000000;
0000192d : 00000000;
0000192e : 00000000;
0000192f : 00000000;
00001930 : 00000000;
00001931 : 00000000;
00001932 : 00000000;
00001933 : 00000000;
00001934 : 00000000;
00001935 : 00000000;
00001936 : 00000000;
00001937 : 00000000;
00001938 : 00000000;
00001939 : 00000000;
0000193a : 00000000;
0000193b : 00000000;
0000193c : 00000000;
0000193d : 00000000;
0000193e : 00000000;
0000193f : 00000000;
00001940 : 00000000;
00001941 : 00000000;
00001942 : 00000000;
00001943 : 00000000;
00001944 : 00000000;
00001945 : 00000000;
00001946 : 00000000;
00001947 : 00000000;
00001948 : 00000000;
00001949 : 00000000;
0000194a : 00000000;
0000194b : 00000000;
0000194c : 00000000;
0000194d : 00000000;
0000194e : 00000000;
0000194f : 00000000;
00001950 : 00000000;
00001951 : 00000000;
00001952 : 00000000;
00001953 : 00000000;
00001954 : 00000000;
00001955 : 00000000;
00001956 : 00000000;
00001957 : 00000000;
00001958 : 00000000;
00001959 : 00000000;
0000195a : 00000000;
0000195b : 00000000;
0000195c : 00000000;
0000195d : 00000000;
0000195e : 00000000;
0000195f : 00000000;
00001960 : 00000000;
00001961 : 00000000;
00001962 : 00000000;
00001963 : 00000000;
00001964 : 00000000;
00001965 : 00000000;
00001966 : 00000000;
00001967 : 00000000;
00001968 : 00000000;
00001969 : 00000000;
0000196a : 00000000;
0000196b : 00000000;
0000196c : 00000000;
0000196d : 00000000;
0000196e : 00000000;
0000196f : 00000000;
00001970 : 00000000;
00001971 : 00000000;
00001972 : 00000000;
00001973 : 00000000;
00001974 : 00000000;
00001975 : 00000000;
00001976 : 00000000;
00001977 : 00000000;
00001978 : 00000000;
00001979 : 00000000;
0000197a : 00000000;
0000197b : 00000000;
0000197c : 00000000;
0000197d : 00000000;
0000197e : 00000000;
0000197f : 00000000;
00001980 : 00000000;
00001981 : 00000000;
00001982 : 00000000;
00001983 : 00000000;
00001984 : 00000000;
00001985 : 00000000;
00001986 : 00000000;
00001987 : 00000000;
00001988 : 00000000;
00001989 : 00000000;
0000198a : 00000000;
0000198b : 00000000;
0000198c : 00000000;
0000198d : 00000000;
0000198e : 00000000;
0000198f : 00000000;
00001990 : 00000000;
00001991 : 00000000;
00001992 : 00000000;
00001993 : 00000000;
00001994 : 00000000;
00001995 : 00000000;
00001996 : 00000000;
00001997 : 00000000;
00001998 : 00000000;
00001999 : 00000000;
0000199a : 00000000;
0000199b : 00000000;
0000199c : 00000000;
0000199d : 00000000;
0000199e : 00000000;
0000199f : 00000000;
000019a0 : 00000000;
000019a1 : 00000000;
000019a2 : 00000000;
000019a3 : 00000000;
000019a4 : 00000000;
000019a5 : 00000000;
000019a6 : 00000000;
000019a7 : 00000000;
000019a8 : 00000000;
000019a9 : 00000000;
000019aa : 00000000;
000019ab : 00000000;
000019ac : 00000000;
000019ad : 00000000;
000019ae : 00000000;
000019af : 00000000;
000019b0 : 00000000;
000019b1 : 00000000;
000019b2 : 00000000;
000019b3 : 00000000;
000019b4 : 00000000;
000019b5 : 00000000;
000019b6 : 00000000;
000019b7 : 00000000;
000019b8 : 00000000;
000019b9 : 00000000;
000019ba : 00000000;
000019bb : 00000000;
000019bc : 00000000;
000019bd : 00000000;
000019be : 00000000;
000019bf : 00000000;
000019c0 : 00000000;
000019c1 : 00000000;
000019c2 : 00000000;
000019c3 : 00000000;
000019c4 : 00000000;
000019c5 : 00000000;
000019c6 : 00000000;
000019c7 : 00000000;
000019c8 : 00000000;
000019c9 : 00000000;
000019ca : 00000000;
000019cb : 00000000;
000019cc : 00000000;
000019cd : 00000000;
000019ce : 00000000;
000019cf : 00000000;
000019d0 : 00000000;
000019d1 : 00000000;
000019d2 : 00000000;
000019d3 : 00000000;
000019d4 : 00000000;
000019d5 : 00000000;
000019d6 : 00000000;
000019d7 : 00000000;
000019d8 : 00000000;
000019d9 : 00000000;
000019da : 00000000;
000019db : 00000000;
000019dc : 00000000;
000019dd : 00000000;
000019de : 00000000;
000019df : 00000000;
000019e0 : 00000000;
000019e1 : 00000000;
000019e2 : 00000000;
000019e3 : 00000000;
000019e4 : 00000000;
000019e5 : 00000000;
000019e6 : 00000000;
000019e7 : 00000000;
000019e8 : 00000000;
000019e9 : 00000000;
000019ea : 00000000;
000019eb : 00000000;
000019ec : 00000000;
000019ed : 00000000;
000019ee : 00000000;
000019ef : 00000000;
000019f0 : 00000000;
000019f1 : 00000000;
000019f2 : 00000000;
000019f3 : 00000000;
000019f4 : 00000000;
000019f5 : 00000000;
000019f6 : 00000000;
000019f7 : 00000000;
000019f8 : 00000000;
000019f9 : 00000000;
000019fa : 00000000;
000019fb : 00000000;
000019fc : 00000000;
000019fd : 00000000;
000019fe : 00000000;
000019ff : 00000000;
00001a00 : 00000000;
00001a01 : 00000000;
00001a02 : 00000000;
00001a03 : 00000000;
00001a04 : 00000000;
00001a05 : 00000000;
00001a06 : 00000000;
00001a07 : 00000000;
00001a08 : 00000000;
00001a09 : 00000000;
00001a0a : 00000000;
00001a0b : 00000000;
00001a0c : 00000000;
00001a0d : 00000000;
00001a0e : 00000000;
00001a0f : 00000000;
00001a10 : 00000000;
00001a11 : 00000000;
00001a12 : 00000000;
00001a13 : 00000000;
00001a14 : 00000000;
00001a15 : 00000000;
00001a16 : 00000000;
00001a17 : 00000000;
00001a18 : 00000000;
00001a19 : 00000000;
00001a1a : 00000000;
00001a1b : 00000000;
00001a1c : 00000000;
00001a1d : 00000000;
00001a1e : 00000000;
00001a1f : 00000000;
00001a20 : 00000000;
00001a21 : 00000000;
00001a22 : 00000000;
00001a23 : 00000000;
00001a24 : 00000000;
00001a25 : 00000000;
00001a26 : 00000000;
00001a27 : 00000000;
00001a28 : 00000000;
00001a29 : 00000000;
00001a2a : 00000000;
00001a2b : 00000000;
00001a2c : 00000000;
00001a2d : 00000000;
00001a2e : 00000000;
00001a2f : 00000000;
00001a30 : 00000000;
00001a31 : 00000000;
00001a32 : 00000000;
00001a33 : 00000000;
00001a34 : 00000000;
00001a35 : 00000000;
00001a36 : 00000000;
00001a37 : 00000000;
00001a38 : 00000000;
00001a39 : 00000000;
00001a3a : 00000000;
00001a3b : 00000000;
00001a3c : 00000000;
00001a3d : 00000000;
00001a3e : 00000000;
00001a3f : 00000000;
00001a40 : 00000000;
00001a41 : 00000000;
00001a42 : 00000000;
00001a43 : 00000000;
00001a44 : 00000000;
00001a45 : 00000000;
00001a46 : 00000000;
00001a47 : 00000000;
00001a48 : 00000000;
00001a49 : 00000000;
00001a4a : 00000000;
00001a4b : 00000000;
00001a4c : 00000000;
00001a4d : 00000000;
00001a4e : 00000000;
00001a4f : 00000000;
00001a50 : 00000000;
00001a51 : 00000000;
00001a52 : 00000000;
00001a53 : 00000000;
00001a54 : 00000000;
00001a55 : 00000000;
00001a56 : 00000000;
00001a57 : 00000000;
00001a58 : 00000000;
00001a59 : 00000000;
00001a5a : 00000000;
00001a5b : 00000000;
00001a5c : 00000000;
00001a5d : 00000000;
00001a5e : 00000000;
00001a5f : 00000000;
00001a60 : 00000000;
00001a61 : 00000000;
00001a62 : 00000000;
00001a63 : 00000000;
00001a64 : 00000000;
00001a65 : 00000000;
00001a66 : 00000000;
00001a67 : 00000000;
00001a68 : 00000000;
00001a69 : 00000000;
00001a6a : 00000000;
00001a6b : 00000000;
00001a6c : 00000000;
00001a6d : 00000000;
00001a6e : 00000000;
00001a6f : 00000000;
00001a70 : 00000000;
00001a71 : 00000000;
00001a72 : 00000000;
00001a73 : 00000000;
00001a74 : 00000000;
00001a75 : 00000000;
00001a76 : 00000000;
00001a77 : 00000000;
00001a78 : 00000000;
00001a79 : 00000000;
00001a7a : 00000000;
00001a7b : 00000000;
00001a7c : 00000000;
00001a7d : 00000000;
00001a7e : 00000000;
00001a7f : 00000000;
00001a80 : 00000000;
00001a81 : 00000000;
00001a82 : 00000000;
00001a83 : 00000000;
00001a84 : 00000000;
00001a85 : 00000000;
00001a86 : 00000000;
00001a87 : 00000000;
00001a88 : 00000000;
00001a89 : 00000000;
00001a8a : 00000000;
00001a8b : 00000000;
00001a8c : 00000000;
00001a8d : 00000000;
00001a8e : 00000000;
00001a8f : 00000000;
00001a90 : 00000000;
00001a91 : 00000000;
00001a92 : 00000000;
00001a93 : 00000000;
00001a94 : 00000000;
00001a95 : 00000000;
00001a96 : 00000000;
00001a97 : 00000000;
00001a98 : 00000000;
00001a99 : 00000000;
00001a9a : 00000000;
00001a9b : 00000000;
00001a9c : 00000000;
00001a9d : 00000000;
00001a9e : 00000000;
00001a9f : 00000000;
00001aa0 : 00000000;
00001aa1 : 00000000;
00001aa2 : 00000000;
00001aa3 : 00000000;
00001aa4 : 00000000;
00001aa5 : 00000000;
00001aa6 : 00000000;
00001aa7 : 00000000;
00001aa8 : 00000000;
00001aa9 : 00000000;
00001aaa : 00000000;
00001aab : 00000000;
00001aac : 00000000;
00001aad : 00000000;
00001aae : 00000000;
00001aaf : 00000000;
00001ab0 : 00000000;
00001ab1 : 00000000;
00001ab2 : 00000000;
00001ab3 : 00000000;
00001ab4 : 00000000;
00001ab5 : 00000000;
00001ab6 : 00000000;
00001ab7 : 00000000;
00001ab8 : 00000000;
00001ab9 : 00000000;
00001aba : 00000000;
00001abb : 00000000;
00001abc : 00000000;
00001abd : 00000000;
00001abe : 00000000;
00001abf : 00000000;
00001ac0 : 00000000;
00001ac1 : 00000000;
00001ac2 : 00000000;
00001ac3 : 00000000;
00001ac4 : 00000000;
00001ac5 : 00000000;
00001ac6 : 00000000;
00001ac7 : 00000000;
00001ac8 : 00000000;
00001ac9 : 00000000;
00001aca : 00000000;
00001acb : 00000000;
00001acc : 00000000;
00001acd : 00000000;
00001ace : 00000000;
00001acf : 00000000;
00001ad0 : 00000000;
00001ad1 : 00000000;
00001ad2 : 00000000;
00001ad3 : 00000000;
00001ad4 : 00000000;
00001ad5 : 00000000;
00001ad6 : 00000000;
00001ad7 : 00000000;
00001ad8 : 00000000;
00001ad9 : 00000000;
00001ada : 00000000;
00001adb : 00000000;
00001adc : 00000000;
00001add : 00000000;
00001ade : 00000000;
00001adf : 00000000;
00001ae0 : 00000000;
00001ae1 : 00000000;
00001ae2 : 00000000;
00001ae3 : 00000000;
00001ae4 : 00000000;
00001ae5 : 00000000;
00001ae6 : 00000000;
00001ae7 : 00000000;
00001ae8 : 00000000;
00001ae9 : 00000000;
00001aea : 00000000;
00001aeb : 00000000;
00001aec : 00000000;
00001aed : 00000000;
00001aee : 00000000;
00001aef : 00000000;
00001af0 : 00000000;
00001af1 : 00000000;
00001af2 : 00000000;
00001af3 : 00000000;
00001af4 : 00000000;
00001af5 : 00000000;
00001af6 : 00000000;
00001af7 : 00000000;
00001af8 : 00000000;
00001af9 : 00000000;
00001afa : 00000000;
00001afb : 00000000;
00001afc : 00000000;
00001afd : 00000000;
00001afe : 00000000;
00001aff : 00000000;
00001b00 : 00000000;
00001b01 : 00000000;
00001b02 : 00000000;
00001b03 : 00000000;
00001b04 : 00000000;
00001b05 : 00000000;
00001b06 : 00000000;
00001b07 : 00000000;
00001b08 : 00000000;
00001b09 : 00000000;
00001b0a : 00000000;
00001b0b : 00000000;
00001b0c : 00000000;
00001b0d : 00000000;
00001b0e : 00000000;
00001b0f : 00000000;
00001b10 : 00000000;
00001b11 : 00000000;
00001b12 : 00000000;
00001b13 : 00000000;
00001b14 : 00000000;
00001b15 : 00000000;
00001b16 : 00000000;
00001b17 : 00000000;
00001b18 : 00000000;
00001b19 : 00000000;
00001b1a : 00000000;
00001b1b : 00000000;
00001b1c : 00000000;
00001b1d : 00000000;
00001b1e : 00000000;
00001b1f : 00000000;
00001b20 : 00000000;
00001b21 : 00000000;
00001b22 : 00000000;
00001b23 : 00000000;
00001b24 : 00000000;
00001b25 : 00000000;
00001b26 : 00000000;
00001b27 : 00000000;
00001b28 : 00000000;
00001b29 : 00000000;
00001b2a : 00000000;
00001b2b : 00000000;
00001b2c : 00000000;
00001b2d : 00000000;
00001b2e : 00000000;
00001b2f : 00000000;
00001b30 : 00000000;
00001b31 : 00000000;
00001b32 : 00000000;
00001b33 : 00000000;
00001b34 : 00000000;
00001b35 : 00000000;
00001b36 : 00000000;
00001b37 : 00000000;
00001b38 : 00000000;
00001b39 : 00000000;
00001b3a : 00000000;
00001b3b : 00000000;
00001b3c : 00000000;
00001b3d : 00000000;
00001b3e : 00000000;
00001b3f : 00000000;
00001b40 : 00000000;
00001b41 : 00000000;
00001b42 : 00000000;
00001b43 : 00000000;
00001b44 : 00000000;
00001b45 : 00000000;
00001b46 : 00000000;
00001b47 : 00000000;
00001b48 : 00000000;
00001b49 : 00000000;
00001b4a : 00000000;
00001b4b : 00000000;
00001b4c : 00000000;
00001b4d : 00000000;
00001b4e : 00000000;
00001b4f : 00000000;
00001b50 : 00000000;
00001b51 : 00000000;
00001b52 : 00000000;
00001b53 : 00000000;
00001b54 : 00000000;
00001b55 : 00000000;
00001b56 : 00000000;
00001b57 : 00000000;
00001b58 : 00000000;
00001b59 : 00000000;
00001b5a : 00000000;
00001b5b : 00000000;
00001b5c : 00000000;
00001b5d : 00000000;
00001b5e : 00000000;
00001b5f : 00000000;
00001b60 : 00000000;
00001b61 : 00000000;
00001b62 : 00000000;
00001b63 : 00000000;
00001b64 : 00000000;
00001b65 : 00000000;
00001b66 : 00000000;
00001b67 : 00000000;
00001b68 : 00000000;
00001b69 : 00000000;
00001b6a : 00000000;
00001b6b : 00000000;
00001b6c : 00000000;
00001b6d : 00000000;
00001b6e : 00000000;
00001b6f : 00000000;
00001b70 : 00000000;
00001b71 : 00000000;
00001b72 : 00000000;
00001b73 : 00000000;
00001b74 : 00000000;
00001b75 : 00000000;
00001b76 : 00000000;
00001b77 : 00000000;
00001b78 : 00000000;
00001b79 : 00000000;
00001b7a : 00000000;
00001b7b : 00000000;
00001b7c : 00000000;
00001b7d : 00000000;
00001b7e : 00000000;
00001b7f : 00000000;
00001b80 : 00000000;
00001b81 : 00000000;
00001b82 : 00000000;
00001b83 : 00000000;
00001b84 : 00000000;
00001b85 : 00000000;
00001b86 : 00000000;
00001b87 : 00000000;
00001b88 : 00000000;
00001b89 : 00000000;
00001b8a : 00000000;
00001b8b : 00000000;
00001b8c : 00000000;
00001b8d : 00000000;
00001b8e : 00000000;
00001b8f : 00000000;
00001b90 : 00000000;
00001b91 : 00000000;
00001b92 : 00000000;
00001b93 : 00000000;
00001b94 : 00000000;
00001b95 : 00000000;
00001b96 : 00000000;
00001b97 : 00000000;
00001b98 : 00000000;
00001b99 : 00000000;
00001b9a : 00000000;
00001b9b : 00000000;
00001b9c : 00000000;
00001b9d : 00000000;
00001b9e : 00000000;
00001b9f : 00000000;
00001ba0 : 00000000;
00001ba1 : 00000000;
00001ba2 : 00000000;
00001ba3 : 00000000;
00001ba4 : 00000000;
00001ba5 : 00000000;
00001ba6 : 00000000;
00001ba7 : 00000000;
00001ba8 : 00000000;
00001ba9 : 00000000;
00001baa : 00000000;
00001bab : 00000000;
00001bac : 00000000;
00001bad : 00000000;
00001bae : 00000000;
00001baf : 00000000;
00001bb0 : 00000000;
00001bb1 : 00000000;
00001bb2 : 00000000;
00001bb3 : 00000000;
00001bb4 : 00000000;
00001bb5 : 00000000;
00001bb6 : 00000000;
00001bb7 : 00000000;
00001bb8 : 00000000;
00001bb9 : 00000000;
00001bba : 00000000;
00001bbb : 00000000;
00001bbc : 00000000;
00001bbd : 00000000;
00001bbe : 00000000;
00001bbf : 00000000;
00001bc0 : 00000000;
00001bc1 : 00000000;
00001bc2 : 00000000;
00001bc3 : 00000000;
00001bc4 : 00000000;
00001bc5 : 00000000;
00001bc6 : 00000000;
00001bc7 : 00000000;
00001bc8 : 00000000;
00001bc9 : 00000000;
00001bca : 00000000;
00001bcb : 00000000;
00001bcc : 00000000;
00001bcd : 00000000;
00001bce : 00000000;
00001bcf : 00000000;
00001bd0 : 00000000;
00001bd1 : 00000000;
00001bd2 : 00000000;
00001bd3 : 00000000;
00001bd4 : 00000000;
00001bd5 : 00000000;
00001bd6 : 00000000;
00001bd7 : 00000000;
00001bd8 : 00000000;
00001bd9 : 00000000;
00001bda : 00000000;
00001bdb : 00000000;
00001bdc : 00000000;
00001bdd : 00000000;
00001bde : 00000000;
00001bdf : 00000000;
00001be0 : 00000000;
00001be1 : 00000000;
00001be2 : 00000000;
00001be3 : 00000000;
00001be4 : 00000000;
00001be5 : 00000000;
00001be6 : 00000000;
00001be7 : 00000000;
00001be8 : 00000000;
00001be9 : 00000000;
00001bea : 00000000;
00001beb : 00000000;
00001bec : 00000000;
00001bed : 00000000;
00001bee : 00000000;
00001bef : 00000000;
00001bf0 : 00000000;
00001bf1 : 00000000;
00001bf2 : 00000000;
00001bf3 : 00000000;
00001bf4 : 00000000;
00001bf5 : 00000000;
00001bf6 : 00000000;
00001bf7 : 00000000;
00001bf8 : 00000000;
00001bf9 : 00000000;
00001bfa : 00000000;
00001bfb : 00000000;
00001bfc : 00000000;
00001bfd : 00000000;
00001bfe : 00000000;
00001bff : 00000000;
00001c00 : 00000000;
00001c01 : 00000000;
00001c02 : 00000000;
00001c03 : 00000000;
00001c04 : 00000000;
00001c05 : 00000000;
00001c06 : 00000000;
00001c07 : 00000000;
00001c08 : 00000000;
00001c09 : 00000000;
00001c0a : 00000000;
00001c0b : 00000000;
00001c0c : 00000000;
00001c0d : 00000000;
00001c0e : 00000000;
00001c0f : 00000000;
00001c10 : 00000000;
00001c11 : 00000000;
00001c12 : 00000000;
00001c13 : 00000000;
00001c14 : 00000000;
00001c15 : 00000000;
00001c16 : 00000000;
00001c17 : 00000000;
00001c18 : 00000000;
00001c19 : 00000000;
00001c1a : 00000000;
00001c1b : 00000000;
00001c1c : 00000000;
00001c1d : 00000000;
00001c1e : 00000000;
00001c1f : 00000000;
00001c20 : 00000000;
00001c21 : 00000000;
00001c22 : 00000000;
00001c23 : 00000000;
00001c24 : 00000000;
00001c25 : 00000000;
00001c26 : 00000000;
00001c27 : 00000000;
00001c28 : 00000000;
00001c29 : 00000000;
00001c2a : 00000000;
00001c2b : 00000000;
00001c2c : 00000000;
00001c2d : 00000000;
00001c2e : 00000000;
00001c2f : 00000000;
00001c30 : 00000000;
00001c31 : 00000000;
00001c32 : 00000000;
00001c33 : 00000000;
00001c34 : 00000000;
00001c35 : 00000000;
00001c36 : 00000000;
00001c37 : 00000000;
00001c38 : 00000000;
00001c39 : 00000000;
00001c3a : 00000000;
00001c3b : 00000000;
00001c3c : 00000000;
00001c3d : 00000000;
00001c3e : 00000000;
00001c3f : 00000000;
00001c40 : 00000000;
00001c41 : 00000000;
00001c42 : 00000000;
00001c43 : 00000000;
00001c44 : 00000000;
00001c45 : 00000000;
00001c46 : 00000000;
00001c47 : 00000000;
00001c48 : 00000000;
00001c49 : 00000000;
00001c4a : 00000000;
00001c4b : 00000000;
00001c4c : 00000000;
00001c4d : 00000000;
00001c4e : 00000000;
00001c4f : 00000000;
00001c50 : 00000000;
00001c51 : 00000000;
00001c52 : 00000000;
00001c53 : 00000000;
00001c54 : 00000000;
00001c55 : 00000000;
00001c56 : 00000000;
00001c57 : 00000000;
00001c58 : 00000000;
00001c59 : 00000000;
00001c5a : 00000000;
00001c5b : 00000000;
00001c5c : 00000000;
00001c5d : 00000000;
00001c5e : 00000000;
00001c5f : 00000000;
00001c60 : 00000000;
00001c61 : 00000000;
00001c62 : 00000000;
00001c63 : 00000000;
00001c64 : 00000000;
00001c65 : 00000000;
00001c66 : 00000000;
00001c67 : 00000000;
00001c68 : 00000000;
00001c69 : 00000000;
00001c6a : 00000000;
00001c6b : 00000000;
00001c6c : 00000000;
00001c6d : 00000000;
00001c6e : 00000000;
00001c6f : 00000000;
00001c70 : 00000000;
00001c71 : 00000000;
00001c72 : 00000000;
00001c73 : 00000000;
00001c74 : 00000000;
00001c75 : 00000000;
00001c76 : 00000000;
00001c77 : 00000000;
00001c78 : 00000000;
00001c79 : 00000000;
00001c7a : 00000000;
00001c7b : 00000000;
00001c7c : 00000000;
00001c7d : 00000000;
00001c7e : 00000000;
00001c7f : 00000000;
00001c80 : 00000000;
00001c81 : 00000000;
00001c82 : 00000000;
00001c83 : 00000000;
00001c84 : 00000000;
00001c85 : 00000000;
00001c86 : 00000000;
00001c87 : 00000000;
00001c88 : 00000000;
00001c89 : 00000000;
00001c8a : 00000000;
00001c8b : 00000000;
00001c8c : 00000000;
00001c8d : 00000000;
00001c8e : 00000000;
00001c8f : 00000000;
00001c90 : 00000000;
00001c91 : 00000000;
00001c92 : 00000000;
00001c93 : 00000000;
00001c94 : 00000000;
00001c95 : 00000000;
00001c96 : 00000000;
00001c97 : 00000000;
00001c98 : 00000000;
00001c99 : 00000000;
00001c9a : 00000000;
00001c9b : 00000000;
00001c9c : 00000000;
00001c9d : 00000000;
00001c9e : 00000000;
00001c9f : 00000000;
00001ca0 : 00000000;
00001ca1 : 00000000;
00001ca2 : 00000000;
00001ca3 : 00000000;
00001ca4 : 00000000;
00001ca5 : 00000000;
00001ca6 : 00000000;
00001ca7 : 00000000;
00001ca8 : 00000000;
00001ca9 : 00000000;
00001caa : 00000000;
00001cab : 00000000;
00001cac : 00000000;
00001cad : 00000000;
00001cae : 00000000;
00001caf : 00000000;
00001cb0 : 00000000;
00001cb1 : 00000000;
00001cb2 : 00000000;
00001cb3 : 00000000;
00001cb4 : 00000000;
00001cb5 : 00000000;
00001cb6 : 00000000;
00001cb7 : 00000000;
00001cb8 : 00000000;
00001cb9 : 00000000;
00001cba : 00000000;
00001cbb : 00000000;
00001cbc : 00000000;
00001cbd : 00000000;
00001cbe : 00000000;
00001cbf : 00000000;
00001cc0 : 00000000;
00001cc1 : 00000000;
00001cc2 : 00000000;
00001cc3 : 00000000;
00001cc4 : 00000000;
00001cc5 : 00000000;
00001cc6 : 00000000;
00001cc7 : 00000000;
00001cc8 : 00000000;
00001cc9 : 00000000;
00001cca : 00000000;
00001ccb : 00000000;
00001ccc : 00000000;
00001ccd : 00000000;
00001cce : 00000000;
00001ccf : 00000000;
00001cd0 : 00000000;
00001cd1 : 00000000;
00001cd2 : 00000000;
00001cd3 : 00000000;
00001cd4 : 00000000;
00001cd5 : 00000000;
00001cd6 : 00000000;
00001cd7 : 00000000;
00001cd8 : 00000000;
00001cd9 : 00000000;
00001cda : 00000000;
00001cdb : 00000000;
00001cdc : 00000000;
00001cdd : 00000000;
00001cde : 00000000;
00001cdf : 00000000;
00001ce0 : 00000000;
00001ce1 : 00000000;
00001ce2 : 00000000;
00001ce3 : 00000000;
00001ce4 : 00000000;
00001ce5 : 00000000;
00001ce6 : 00000000;
00001ce7 : 00000000;
00001ce8 : 00000000;
00001ce9 : 00000000;
00001cea : 00000000;
00001ceb : 00000000;
00001cec : 00000000;
00001ced : 00000000;
00001cee : 00000000;
00001cef : 00000000;
00001cf0 : 00000000;
00001cf1 : 00000000;
00001cf2 : 00000000;
00001cf3 : 00000000;
00001cf4 : 00000000;
00001cf5 : 00000000;
00001cf6 : 00000000;
00001cf7 : 00000000;
00001cf8 : 00000000;
00001cf9 : 00000000;
00001cfa : 00000000;
00001cfb : 00000000;
00001cfc : 00000000;
00001cfd : 00000000;
00001cfe : 00000000;
00001cff : 00000000;
00001d00 : 00000000;
00001d01 : 00000000;
00001d02 : 00000000;
00001d03 : 00000000;
00001d04 : 00000000;
00001d05 : 00000000;
00001d06 : 00000000;
00001d07 : 00000000;
00001d08 : 00000000;
00001d09 : 00000000;
00001d0a : 00000000;
00001d0b : 00000000;
00001d0c : 00000000;
00001d0d : 00000000;
00001d0e : 00000000;
00001d0f : 00000000;
00001d10 : 00000000;
00001d11 : 00000000;
00001d12 : 00000000;
00001d13 : 00000000;
00001d14 : 00000000;
00001d15 : 00000000;
00001d16 : 00000000;
00001d17 : 00000000;
00001d18 : 00000000;
00001d19 : 00000000;
00001d1a : 00000000;
00001d1b : 00000000;
00001d1c : 00000000;
00001d1d : 00000000;
00001d1e : 00000000;
00001d1f : 00000000;
00001d20 : 00000000;
00001d21 : 00000000;
00001d22 : 00000000;
00001d23 : 00000000;
00001d24 : 00000000;
00001d25 : 00000000;
00001d26 : 00000000;
00001d27 : 00000000;
00001d28 : 00000000;
00001d29 : 00000000;
00001d2a : 00000000;
00001d2b : 00000000;
00001d2c : 00000000;
00001d2d : 00000000;
00001d2e : 00000000;
00001d2f : 00000000;
00001d30 : 00000000;
00001d31 : 00000000;
00001d32 : 00000000;
00001d33 : 00000000;
00001d34 : 00000000;
00001d35 : 00000000;
00001d36 : 00000000;
00001d37 : 00000000;
00001d38 : 00000000;
00001d39 : 00000000;
00001d3a : 00000000;
00001d3b : 00000000;
00001d3c : 00000000;
00001d3d : 00000000;
00001d3e : 00000000;
00001d3f : 00000000;
00001d40 : 00000000;
00001d41 : 00000000;
00001d42 : 00000000;
00001d43 : 00000000;
00001d44 : 00000000;
00001d45 : 00000000;
00001d46 : 00000000;
00001d47 : 00000000;
00001d48 : 00000000;
00001d49 : 00000000;
00001d4a : 00000000;
00001d4b : 00000000;
00001d4c : 00000000;
00001d4d : 00000000;
00001d4e : 00000000;
00001d4f : 00000000;
00001d50 : 00000000;
00001d51 : 00000000;
00001d52 : 00000000;
00001d53 : 00000000;
00001d54 : 00000000;
00001d55 : 00000000;
00001d56 : 00000000;
00001d57 : 00000000;
00001d58 : 00000000;
00001d59 : 00000000;
00001d5a : 00000000;
00001d5b : 00000000;
00001d5c : 00000000;
00001d5d : 00000000;
00001d5e : 00000000;
00001d5f : 00000000;
00001d60 : 00000000;
00001d61 : 00000000;
00001d62 : 00000000;
00001d63 : 00000000;
00001d64 : 00000000;
00001d65 : 00000000;
00001d66 : 00000000;
00001d67 : 00000000;
00001d68 : 00000000;
00001d69 : 00000000;
00001d6a : 00000000;
00001d6b : 00000000;
00001d6c : 00000000;
00001d6d : 00000000;
00001d6e : 00000000;
00001d6f : 00000000;
00001d70 : 00000000;
00001d71 : 00000000;
00001d72 : 00000000;
00001d73 : 00000000;
00001d74 : 00000000;
00001d75 : 00000000;
00001d76 : 00000000;
00001d77 : 00000000;
00001d78 : 00000000;
00001d79 : 00000000;
00001d7a : 00000000;
00001d7b : 00000000;
00001d7c : 00000000;
00001d7d : 00000000;
00001d7e : 00000000;
00001d7f : 00000000;
00001d80 : 00000000;
00001d81 : 00000000;
00001d82 : 00000000;
00001d83 : 00000000;
00001d84 : 00000000;
00001d85 : 00000000;
00001d86 : 00000000;
00001d87 : 00000000;
00001d88 : 00000000;
00001d89 : 00000000;
00001d8a : 00000000;
00001d8b : 00000000;
00001d8c : 00000000;
00001d8d : 00000000;
00001d8e : 00000000;
00001d8f : 00000000;
00001d90 : 00000000;
00001d91 : 00000000;
00001d92 : 00000000;
00001d93 : 00000000;
00001d94 : 00000000;
00001d95 : 00000000;
00001d96 : 00000000;
00001d97 : 00000000;
00001d98 : 00000000;
00001d99 : 00000000;
00001d9a : 00000000;
00001d9b : 00000000;
00001d9c : 00000000;
00001d9d : 00000000;
00001d9e : 00000000;
00001d9f : 00000000;
00001da0 : 00000000;
00001da1 : 00000000;
00001da2 : 00000000;
00001da3 : 00000000;
00001da4 : 00000000;
00001da5 : 00000000;
00001da6 : 00000000;
00001da7 : 00000000;
00001da8 : 00000000;
00001da9 : 00000000;
00001daa : 00000000;
00001dab : 00000000;
00001dac : 00000000;
00001dad : 00000000;
00001dae : 00000000;
00001daf : 00000000;
00001db0 : 00000000;
00001db1 : 00000000;
00001db2 : 00000000;
00001db3 : 00000000;
00001db4 : 00000000;
00001db5 : 00000000;
00001db6 : 00000000;
00001db7 : 00000000;
00001db8 : 00000000;
00001db9 : 00000000;
00001dba : 00000000;
00001dbb : 00000000;
00001dbc : 00000000;
00001dbd : 00000000;
00001dbe : 00000000;
00001dbf : 00000000;
00001dc0 : 00000000;
00001dc1 : 00000000;
00001dc2 : 00000000;
00001dc3 : 00000000;
00001dc4 : 00000000;
00001dc5 : 00000000;
00001dc6 : 00000000;
00001dc7 : 00000000;
00001dc8 : 00000000;
00001dc9 : 00000000;
00001dca : 00000000;
00001dcb : 00000000;
00001dcc : 00000000;
00001dcd : 00000000;
00001dce : 00000000;
00001dcf : 00000000;
00001dd0 : 00000000;
00001dd1 : 00000000;
00001dd2 : 00000000;
00001dd3 : 00000000;
00001dd4 : 00000000;
00001dd5 : 00000000;
00001dd6 : 00000000;
00001dd7 : 00000000;
00001dd8 : 00000000;
00001dd9 : 00000000;
00001dda : 00000000;
00001ddb : 00000000;
00001ddc : 00000000;
00001ddd : 00000000;
00001dde : 00000000;
00001ddf : 00000000;
00001de0 : 00000000;
00001de1 : 00000000;
00001de2 : 00000000;
00001de3 : 00000000;
00001de4 : 00000000;
00001de5 : 00000000;
00001de6 : 00000000;
00001de7 : 00000000;
00001de8 : 00000000;
00001de9 : 00000000;
00001dea : 00000000;
00001deb : 00000000;
00001dec : 00000000;
00001ded : 00000000;
00001dee : 00000000;
00001def : 00000000;
00001df0 : 00000000;
00001df1 : 00000000;
00001df2 : 00000000;
00001df3 : 00000000;
00001df4 : 00000000;
00001df5 : 00000000;
00001df6 : 00000000;
00001df7 : 00000000;
00001df8 : 00000000;
00001df9 : 00000000;
00001dfa : 00000000;
00001dfb : 00000000;
00001dfc : 00000000;
00001dfd : 00000000;
00001dfe : 00000000;
00001dff : 00000000;
00001e00 : 00000000;
00001e01 : 00000000;
00001e02 : 00000000;
00001e03 : 00000000;
00001e04 : 00000000;
00001e05 : 00000000;
00001e06 : 00000000;
00001e07 : 00000000;
00001e08 : 00000000;
00001e09 : 00000000;
00001e0a : 00000000;
00001e0b : 00000000;
00001e0c : 00000000;
00001e0d : 00000000;
00001e0e : 00000000;
00001e0f : 00000000;
00001e10 : 00000000;
00001e11 : 00000000;
00001e12 : 00000000;
00001e13 : 00000000;
00001e14 : 00000000;
00001e15 : 00000000;
00001e16 : 00000000;
00001e17 : 00000000;
00001e18 : 00000000;
00001e19 : 00000000;
00001e1a : 00000000;
00001e1b : 00000000;
00001e1c : 00000000;
00001e1d : 00000000;
00001e1e : 00000000;
00001e1f : 00000000;
00001e20 : 00000000;
00001e21 : 00000000;
00001e22 : 00000000;
00001e23 : 00000000;
00001e24 : 00000000;
00001e25 : 00000000;
00001e26 : 00000000;
00001e27 : 00000000;
00001e28 : 00000000;
00001e29 : 00000000;
00001e2a : 00000000;
00001e2b : 00000000;
00001e2c : 00000000;
00001e2d : 00000000;
00001e2e : 00000000;
00001e2f : 00000000;
00001e30 : 00000000;
00001e31 : 00000000;
00001e32 : 00000000;
00001e33 : 00000000;
00001e34 : 00000000;
00001e35 : 00000000;
00001e36 : 00000000;
00001e37 : 00000000;
00001e38 : 00000000;
00001e39 : 00000000;
00001e3a : 00000000;
00001e3b : 00000000;
00001e3c : 00000000;
00001e3d : 00000000;
00001e3e : 00000000;
00001e3f : 00000000;
00001e40 : 00000000;
00001e41 : 00000000;
00001e42 : 00000000;
00001e43 : 00000000;
00001e44 : 00000000;
00001e45 : 00000000;
00001e46 : 00000000;
00001e47 : 00000000;
00001e48 : 00000000;
00001e49 : 00000000;
00001e4a : 00000000;
00001e4b : 00000000;
00001e4c : 00000000;
00001e4d : 00000000;
00001e4e : 00000000;
00001e4f : 00000000;
00001e50 : 00000000;
00001e51 : 00000000;
00001e52 : 00000000;
00001e53 : 00000000;
00001e54 : 00000000;
00001e55 : 00000000;
00001e56 : 00000000;
00001e57 : 00000000;
00001e58 : 00000000;
00001e59 : 00000000;
00001e5a : 00000000;
00001e5b : 00000000;
00001e5c : 00000000;
00001e5d : 00000000;
00001e5e : 00000000;
00001e5f : 00000000;
00001e60 : 00000000;
00001e61 : 00000000;
00001e62 : 00000000;
00001e63 : 00000000;
00001e64 : 00000000;
00001e65 : 00000000;
00001e66 : 00000000;
00001e67 : 00000000;
00001e68 : 00000000;
00001e69 : 00000000;
00001e6a : 00000000;
00001e6b : 00000000;
00001e6c : 00000000;
00001e6d : 00000000;
00001e6e : 00000000;
00001e6f : 00000000;
00001e70 : 00000000;
00001e71 : 00000000;
00001e72 : 00000000;
00001e73 : 00000000;
00001e74 : 00000000;
00001e75 : 00000000;
00001e76 : 00000000;
00001e77 : 00000000;
00001e78 : 00000000;
00001e79 : 00000000;
00001e7a : 00000000;
00001e7b : 00000000;
00001e7c : 00000000;
00001e7d : 00000000;
00001e7e : 00000000;
00001e7f : 00000000;
00001e80 : 00000000;
00001e81 : 00000000;
00001e82 : 00000000;
00001e83 : 00000000;
00001e84 : 00000000;
00001e85 : 00000000;
00001e86 : 00000000;
00001e87 : 00000000;
00001e88 : 00000000;
00001e89 : 00000000;
00001e8a : 00000000;
00001e8b : 00000000;
00001e8c : 00000000;
00001e8d : 00000000;
00001e8e : 00000000;
00001e8f : 00000000;
00001e90 : 00000000;
00001e91 : 00000000;
00001e92 : 00000000;
00001e93 : 00000000;
00001e94 : 00000000;
00001e95 : 00000000;
00001e96 : 00000000;
00001e97 : 00000000;
00001e98 : 00000000;
00001e99 : 00000000;
00001e9a : 00000000;
00001e9b : 00000000;
00001e9c : 00000000;
00001e9d : 00000000;
00001e9e : 00000000;
00001e9f : 00000000;
00001ea0 : 00000000;
00001ea1 : 00000000;
00001ea2 : 00000000;
00001ea3 : 00000000;
00001ea4 : 00000000;
00001ea5 : 00000000;
00001ea6 : 00000000;
00001ea7 : 00000000;
00001ea8 : 00000000;
00001ea9 : 00000000;
00001eaa : 00000000;
00001eab : 00000000;
00001eac : 00000000;
00001ead : 00000000;
00001eae : 00000000;
00001eaf : 00000000;
00001eb0 : 00000000;
00001eb1 : 00000000;
00001eb2 : 00000000;
00001eb3 : 00000000;
00001eb4 : 00000000;
00001eb5 : 00000000;
00001eb6 : 00000000;
00001eb7 : 00000000;
00001eb8 : 00000000;
00001eb9 : 00000000;
00001eba : 00000000;
00001ebb : 00000000;
00001ebc : 00000000;
00001ebd : 00000000;
00001ebe : 00000000;
00001ebf : 00000000;
00001ec0 : 00000000;
00001ec1 : 00000000;
00001ec2 : 00000000;
00001ec3 : 00000000;
00001ec4 : 00000000;
00001ec5 : 00000000;
00001ec6 : 00000000;
00001ec7 : 00000000;
00001ec8 : 00000000;
00001ec9 : 00000000;
00001eca : 00000000;
00001ecb : 00000000;
00001ecc : 00000000;
00001ecd : 00000000;
00001ece : 00000000;
00001ecf : 00000000;
00001ed0 : 00000000;
00001ed1 : 00000000;
00001ed2 : 00000000;
00001ed3 : 00000000;
00001ed4 : 00000000;
00001ed5 : 00000000;
00001ed6 : 00000000;
00001ed7 : 00000000;
00001ed8 : 00000000;
00001ed9 : 00000000;
00001eda : 00000000;
00001edb : 00000000;
00001edc : 00000000;
00001edd : 00000000;
00001ede : 00000000;
00001edf : 00000000;
00001ee0 : 00000000;
00001ee1 : 00000000;
00001ee2 : 00000000;
00001ee3 : 00000000;
00001ee4 : 00000000;
00001ee5 : 00000000;
00001ee6 : 00000000;
00001ee7 : 00000000;
00001ee8 : 00000000;
00001ee9 : 00000000;
00001eea : 00000000;
00001eeb : 00000000;
00001eec : 00000000;
00001eed : 00000000;
00001eee : 00000000;
00001eef : 00000000;
00001ef0 : 00000000;
00001ef1 : 00000000;
00001ef2 : 00000000;
00001ef3 : 00000000;
00001ef4 : 00000000;
00001ef5 : 00000000;
00001ef6 : 00000000;
00001ef7 : 00000000;
00001ef8 : 00000000;
00001ef9 : 00000000;
00001efa : 00000000;
00001efb : 00000000;
00001efc : 00000000;
00001efd : 00000000;
00001efe : 00000000;
00001eff : 00000000;
00001f00 : 00000000;
00001f01 : 00000000;
00001f02 : 00000000;
00001f03 : 00000000;
00001f04 : 00000000;
00001f05 : 00000000;
00001f06 : 00000000;
00001f07 : 00000000;
00001f08 : 00000000;
00001f09 : 00000000;
00001f0a : 00000000;
00001f0b : 00000000;
00001f0c : 00000000;
00001f0d : 00000000;
00001f0e : 00000000;
00001f0f : 00000000;
00001f10 : 00000000;
00001f11 : 00000000;
00001f12 : 00000000;
00001f13 : 00000000;
00001f14 : 00000000;
00001f15 : 00000000;
00001f16 : 00000000;
00001f17 : 00000000;
00001f18 : 00000000;
00001f19 : 00000000;
00001f1a : 00000000;
00001f1b : 00000000;
00001f1c : 00000000;
00001f1d : 00000000;
00001f1e : 00000000;
00001f1f : 00000000;
00001f20 : 00000000;
00001f21 : 00000000;
00001f22 : 00000000;
00001f23 : 00000000;
00001f24 : 00000000;
00001f25 : 00000000;
00001f26 : 00000000;
00001f27 : 00000000;
00001f28 : 00000000;
00001f29 : 00000000;
00001f2a : 00000000;
00001f2b : 00000000;
00001f2c : 00000000;
00001f2d : 00000000;
00001f2e : 00000000;
00001f2f : 00000000;
00001f30 : 00000000;
00001f31 : 00000000;
00001f32 : 00000000;
00001f33 : 00000000;
00001f34 : 00000000;
00001f35 : 00000000;
00001f36 : 00000000;
00001f37 : 00000000;
00001f38 : 00000000;
00001f39 : 00000000;
00001f3a : 00000000;
00001f3b : 00000000;
00001f3c : 00000000;
00001f3d : 00000000;
00001f3e : 00000000;
00001f3f : 00000000;
00001f40 : 00000000;
00001f41 : 00000000;
00001f42 : 00000000;
00001f43 : 00000000;
00001f44 : 00000000;
00001f45 : 00000000;
00001f46 : 00000000;
00001f47 : 00000000;
00001f48 : 00000000;
00001f49 : 00000000;
00001f4a : 00000000;
00001f4b : 00000000;
00001f4c : 00000000;
00001f4d : 00000000;
00001f4e : 00000000;
00001f4f : 00000000;
00001f50 : 00000000;
00001f51 : 00000000;
00001f52 : 00000000;
00001f53 : 00000000;
00001f54 : 00000000;
00001f55 : 00000000;
00001f56 : 00000000;
00001f57 : 00000000;
00001f58 : 00000000;
00001f59 : 00000000;
00001f5a : 00000000;
00001f5b : 00000000;
00001f5c : 00000000;
00001f5d : 00000000;
00001f5e : 00000000;
00001f5f : 00000000;
00001f60 : 00000000;
00001f61 : 00000000;
00001f62 : 00000000;
00001f63 : 00000000;
00001f64 : 00000000;
00001f65 : 00000000;
00001f66 : 00000000;
00001f67 : 00000000;
00001f68 : 00000000;
00001f69 : 00000000;
00001f6a : 00000000;
00001f6b : 00000000;
00001f6c : 00000000;
00001f6d : 00000000;
00001f6e : 00000000;
00001f6f : 00000000;
00001f70 : 00000000;
00001f71 : 00000000;
00001f72 : 00000000;
00001f73 : 00000000;
00001f74 : 00000000;
00001f75 : 00000000;
00001f76 : 00000000;
00001f77 : 00000000;
00001f78 : 00000000;
00001f79 : 00000000;
00001f7a : 00000000;
00001f7b : 00000000;
00001f7c : 00000000;
00001f7d : 00000000;
00001f7e : 00000000;
00001f7f : 00000000;
00001f80 : 00000000;
00001f81 : 00000000;
00001f82 : 00000000;
00001f83 : 00000000;
00001f84 : 00000000;
00001f85 : 00000000;
00001f86 : 00000000;
00001f87 : 00000000;
00001f88 : 00000000;
00001f89 : 00000000;
00001f8a : 00000000;
00001f8b : 00000000;
00001f8c : 00000000;
00001f8d : 00000000;
00001f8e : 00000000;
00001f8f : 00000000;
00001f90 : 00000000;
00001f91 : 00000000;
00001f92 : 00000000;
00001f93 : 00000000;
00001f94 : 00000000;
00001f95 : 00000000;
00001f96 : 00000000;
00001f97 : 00000000;
00001f98 : 00000000;
00001f99 : 00000000;
00001f9a : 00000000;
00001f9b : 00000000;
00001f9c : 00000000;
00001f9d : 00000000;
00001f9e : 00000000;
00001f9f : 00000000;
00001fa0 : 00000000;
00001fa1 : 00000000;
00001fa2 : 00000000;
00001fa3 : 00000000;
00001fa4 : 00000000;
00001fa5 : 00000000;
00001fa6 : 00000000;
00001fa7 : 00000000;
00001fa8 : 00000000;
00001fa9 : 00000000;
00001faa : 00000000;
00001fab : 00000000;
00001fac : 00000000;
00001fad : 00000000;
00001fae : 00000000;
00001faf : 00000000;
00001fb0 : 00000000;
00001fb1 : 00000000;
00001fb2 : 00000000;
00001fb3 : 00000000;
00001fb4 : 00000000;
00001fb5 : 00000000;
00001fb6 : 00000000;
00001fb7 : 00000000;
00001fb8 : 00000000;
00001fb9 : 00000000;
00001fba : 00000000;
00001fbb : 00000000;
00001fbc : 00000000;
00001fbd : 00000000;
00001fbe : 00000000;
00001fbf : 00000000;
00001fc0 : 00000000;
00001fc1 : 00000000;
00001fc2 : 00000000;
00001fc3 : 00000000;
00001fc4 : 00000000;
00001fc5 : 00000000;
00001fc6 : 00000000;
00001fc7 : 00000000;
00001fc8 : 00000000;
00001fc9 : 00000000;
00001fca : 00000000;
00001fcb : 00000000;
00001fcc : 00000000;
00001fcd : 00000000;
00001fce : 00000000;
00001fcf : 00000000;
00001fd0 : 00000000;
00001fd1 : 00000000;
00001fd2 : 00000000;
00001fd3 : 00000000;
00001fd4 : 00000000;
00001fd5 : 00000000;
00001fd6 : 00000000;
00001fd7 : 00000000;
00001fd8 : 00000000;
00001fd9 : 00000000;
00001fda : 00000000;
00001fdb : 00000000;
00001fdc : 00000000;
00001fdd : 00000000;
00001fde : 00000000;
00001fdf : 00000000;
00001fe0 : 00000000;
00001fe1 : 00000000;
00001fe2 : 00000000;
00001fe3 : 00000000;
00001fe4 : 00000000;
00001fe5 : 00000000;
00001fe6 : 00000000;
00001fe7 : 00000000;
00001fe8 : 00000000;
00001fe9 : 00000000;
00001fea : 00000000;
00001feb : 00000000;
00001fec : 00000000;
00001fed : 00000000;
00001fee : 00000000;
00001fef : 00000000;
00001ff0 : 00000000;
00001ff1 : 00000000;
00001ff2 : 00000000;
00001ff3 : 00000000;
00001ff4 : 00000000;
00001ff5 : 00000000;
00001ff6 : 00000000;
00001ff7 : 00000000;
00001ff8 : 00000000;
00001ff9 : 00000000;
00001ffa : 00000000;
00001ffb : 00000000;
00001ffc : 00000000;
00001ffd : 00000000;
00001ffe : 00000000;
00001fff : 00000000;
END;
